This is pdfTeX, Version 3.141592653-2.6-1.40.29 (MiKTeX 26.5) (preloaded format=pdflatex 2026.8.19)  28 SEP 2026 09:27
entering extended mode
 restricted \write18 enabled.
 %&-line parsing enabled.
**./main.tex
(main.tex
LaTeX2e <2026-06-01>
L3 programming layer <2026-06-18>
(C:\Program Files\MiKTeX\tex/latex/base\report.cls
Document Class: report 2025/01/22 v1.4n Standard LaTeX document class
(C:\Program Files\MiKTeX\tex/latex/base\size12.clo
File: size12.clo 2025/01/22 v1.4n Standard LaTeX file (size option)
)
\c@part=\count276
\c@chapter=\count277
\c@section=\count278
\c@subsection=\count279
\c@subsubsection=\count280
\c@paragraph=\count281
\c@subparagraph=\count282
\c@figure=\count283
\c@table=\count284
\abovecaptionskip=\skip49
\belowcaptionskip=\skip50
\bibindent=\dimen150
)
(C:\Program Files\MiKTeX\tex/latex/base\inputenc.sty
Package: inputenc 2024/02/08 v1.3d Input encoding file
\inpenc@prehook=\toks17
\inpenc@posthook=\toks18
)
(C:\Program Files\MiKTeX\tex/latex/base\fontenc.sty
Package: fontenc 2025/07/18 v2.1d Standard LaTeX package
)
(C:\Users\aymen\AppData\Roaming\MiKTeX\tex/latex/psnfss\times.sty
Package: times 2020/03/25 PSNFSS-v9.3 (SPQR) 
)
(C:\Program Files\MiKTeX\tex/generic/babel\babel.sty
Package: babel 2026/06/14 v26.9 The multilingual framework for LuaLaTeX, pdfLaT
eX and XeLaTeX
\babel@savecnt=\count285
LaTeX Encoding Info:    Redeclaring text command \ij (encoding OT1) on input li
ne 2084.
LaTeX Encoding Info:    Redeclaring text command \IJ (encoding OT1) on input li
ne 2086.
LaTeX Encoding Info:    Redeclaring text command \ij (encoding T1) on input lin
e 2088.
LaTeX Encoding Info:    Redeclaring text command \IJ (encoding T1) on input lin
e 2089.
LaTeX Encoding Info:    Ignoring declaration for text command \ij (encoding ?) 
on input line 2090.
LaTeX Encoding Info:    Ignoring declaration for text command \IJ (encoding ?) 
on input line 2092.
LaTeX Encoding Info:    Ignoring declaration for text command \SS (encoding ?) 
on input line 2117.
\U@D=\dimen151
\l@unhyphenated=\language79

(C:\Program Files\MiKTeX\tex/generic/babel\txtbabel.def)
\bbl@readstream=\read2
\bbl@dirlevel=\count286
Package babel Info: Configuration files are deprecated, as
(babel)             they can break document portability.
(babel)             Reported on input line 4252.

*************************************
* Local config file bblopts.cfg used
*
(C:\Program Files\MiKTeX\tex/latex/arabi\bblopts.cfg
File: bblopts.cfg 2005/09/08 v0.1 add Arabic and Farsi to "declared" options of
 babel
)
(C:\Program Files\MiKTeX\tex/generic/babel/locale/fr\babel-french.tex)
Package babel Info: Importing font and identification data for 'french'
(babel)             from babel-fr.ini. Reported on input line 4380.

(C:\Users\aymen\AppData\Roaming\MiKTeX\tex/generic/babel-french\french.ldf
Language: french 2026-06-06 v4.1a French support from the babel system

(C:\Users\aymen\AppData\Roaming\MiKTeX\tex/generic/babel-french\french3.ldf
Language: french 2026-06-06 v3.7f French support from the babel system
\FB@stdchar=\count287
Package babel Info: Making : an active character on input line 266.
Package babel Info: Making ; an active character on input line 267.
Package babel Info: Making ! an active character on input line 268.
Package babel Info: Making ? an active character on input line 269.
\FBguill@level=\count288
\FBold@everypar=\toks19
\FB@Mht=\dimen152
\mc@charclass=\count289
\mc@charfam=\count290
\mc@charslot=\count291
\std@mcc=\count292
\dec@mcc=\count293
\listindentFB=\dimen153
\descindentFB=\dimen154
\labelwidthFB=\dimen155
\labelfullwidthFB=\dimen156
\FB@pardim=\dimen157
\parindentFFN=\dimen158
\FBfnindent=\dimen159
)))
(C:\Users\aymen\AppData\Roaming\MiKTeX\tex/latex/carlisle\scalefnt.sty)
(C:\Users\aymen\AppData\Roaming\MiKTeX\tex/latex/csquotes\csquotes.sty
Package: csquotes 2026-05-19 v5.2p context-sensitive quotations (JAW)

(C:\Program Files\MiKTeX\tex/latex/etoolbox\etoolbox.sty
Package: etoolbox 2025/10/02 v2.5m e-TeX tools for LaTeX (JAW)
\etb@tempcnta=\count294
)
(C:\Program Files\MiKTeX\tex/latex/graphics\keyval.sty
Package: keyval 2026-05-17 v1.15 key=value parser (DPC)
\KV@toks@=\toks20
)
\csq@reset=\count295
\csq@gtype=\count296
\csq@glevel=\count297
\csq@qlevel=\count298
\csq@maxlvl=\count299
\csq@tshold=\count300
\csq@ltx@everypar=\toks21

(C:\Users\aymen\AppData\Roaming\MiKTeX\tex/latex/csquotes\csquotes.def
File: csquotes.def 2026-05-19 v5.2p csquotes generic definitions (JAW)
)
Package csquotes Info: Trying to load configuration file 'csquotes.cfg'...
Package csquotes Info: ... configuration file loaded successfully.

(C:\Users\aymen\AppData\Roaming\MiKTeX\tex/latex/csquotes\csquotes.cfg
File: csquotes.cfg 
))
(C:\Users\aymen\AppData\Roaming\MiKTeX\tex/latex/geometry\geometry.sty
Package: geometry 2026/03/07 v6.0 Page Geometry

(C:\Program Files\MiKTeX\tex/generic/iftex\ifvtex.sty
Package: ifvtex 2019/10/25 v1.7 ifvtex legacy package. Use iftex instead.

(C:\Program Files\MiKTeX\tex/generic/iftex\iftex.sty
Package: iftex 2024/12/12 v1.0g TeX engine tests
))
\Gm@cnth=\count301
\Gm@cntv=\count302
\c@Gm@tempcnt=\count303
\Gm@bindingoffset=\dimen160
\Gm@wd@mp=\dimen161
\Gm@odd@mp=\dimen162
\Gm@even@mp=\dimen163
\Gm@layoutwidth=\dimen164
\Gm@layoutheight=\dimen165
\Gm@layouthoffset=\dimen166
\Gm@layoutvoffset=\dimen167
\Gm@dimlist=\toks22

(C:\Users\aymen\AppData\Roaming\MiKTeX\tex/latex/geometry\geometry.cfg))
(C:\Users\aymen\AppData\Roaming\MiKTeX\tex/latex/setspace\setspace.sty
Package: setspace 2022/12/04 v6.7b set line spacing
)
(C:\Users\aymen\AppData\Roaming\MiKTeX\tex/latex/microtype\microtype.sty
Package: microtype 2026/03/01 v3.2d Micro-typographical refinements (RS)
\MT@toks=\toks23
\MT@tempbox=\box53
\MT@count=\count304
LaTeX Info: Redefining \noprotrusionifhmode on input line 1084.
LaTeX Info: Redefining \leftprotrusion on input line 1085.
\MT@prot@toks=\toks24
LaTeX Info: Redefining \rightprotrusion on input line 1104.
LaTeX Info: Redefining \textls on input line 1449.
\MT@outer@kern=\dimen168
LaTeX Info: Redefining \microtypecontext on input line 2053.
LaTeX Info: Redefining \textmicrotypecontext on input line 2070.
\MT@listname@count=\count305

(C:\Users\aymen\AppData\Roaming\MiKTeX\tex/latex/microtype\microtype-pdftex.def
File: microtype-pdftex.def 2026/03/01 v3.2d Definitions specific to pdftex (RS)

LaTeX Info: Redefining \lsstyle on input line 944.
LaTeX Info: Redefining \lslig on input line 944.
\MT@outer@space=\skip51
)
Package microtype Info: Loading configuration file microtype.cfg.
 (C:\Users\aymen\AppData\Roaming\MiKTeX\tex/latex/microtype\microtype.cfg
File: microtype.cfg 2026/03/01 v3.2d microtype main configuration file (RS)
)
LaTeX Info: Redefining \microtypesetup on input line 3065.
)
(C:\Users\aymen\AppData\Roaming\MiKTeX\tex/latex/fancyhdr\fancyhdr.sty
Package: fancyhdr 2025/02/07 v5.2 Extensive control of page headers and footers

\f@nch@headwidth=\skip52
\f@nch@offset@elh=\skip53
\f@nch@offset@erh=\skip54
\f@nch@offset@olh=\skip55
\f@nch@offset@orh=\skip56
\f@nch@offset@elf=\skip57
\f@nch@offset@erf=\skip58
\f@nch@offset@olf=\skip59
\f@nch@offset@orf=\skip60
\f@nch@height=\skip61
\f@nch@footalignment=\skip62
\f@nch@widthL=\skip63
\f@nch@widthC=\skip64
\f@nch@widthR=\skip65
\@temptokenb=\toks25
)
(C:\Users\aymen\AppData\Roaming\MiKTeX\tex/latex/titlesec\titlesec.sty
Package: titlesec 2025/01/04 v2.17 Sectioning titles
\ttl@box=\box54
\beforetitleunit=\skip66
\aftertitleunit=\skip67
\ttl@plus=\dimen169
\ttl@minus=\dimen170
\ttl@toksa=\toks26
\titlewidth=\dimen171
\titlewidthlast=\dimen172
\titlewidthfirst=\dimen173
)
(C:\Users\aymen\AppData\Roaming\MiKTeX\tex/latex/chngcntr\chngcntr.sty
Package: chngcntr 2018/04/09 v1.1a change counter resetting
Package chngcntr Info: \counterwithout already defined.
(chngcntr)             Quitting chngcntr on input line 21.
)
(C:\Users\aymen\AppData\Roaming\MiKTeX\tex/latex/eso-pic\eso-pic.sty
Package: eso-pic 2026/05/31 v3.0e eso-pic (RN)
\ESO@tempdima=\dimen174
\ESO@tempdimb=\dimen175

(C:\Program Files\MiKTeX\tex/latex/xcolor\xcolor.sty
Package: xcolor 2024/09/29 v3.02 LaTeX color extensions (UK)

(C:\Program Files\MiKTeX\tex/latex/graphics-cfg\color.cfg
File: color.cfg 2016/01/02 v1.6 sample color configuration
)
Package xcolor Info: Driver file: pdftex.def on input line 274.

(C:\Program Files\MiKTeX\tex/latex/graphics-def\pdftex.def
File: pdftex.def 2025/09/29 v1.2d Graphics/color driver for pdftex
)
(C:\Program Files\MiKTeX\tex/latex/graphics\mathcolor.ltx)
Package xcolor Info: Model `cmy' substituted by `cmy0' on input line 1349.
Package xcolor Info: Model `hsb' substituted by `rgb' on input line 1353.
Package xcolor Info: Model `RGB' extended on input line 1365.
Package xcolor Info: Model `HTML' substituted by `rgb' on input line 1367.
Package xcolor Info: Model `Hsb' substituted by `hsb' on input line 1368.
Package xcolor Info: Model `tHsb' substituted by `hsb' on input line 1369.
Package xcolor Info: Model `HSB' substituted by `hsb' on input line 1370.
Package xcolor Info: Model `Gray' substituted by `gray' on input line 1371.
Package xcolor Info: Model `wave' substituted by `hsb' on input line 1372.
))
(C:\Program Files\MiKTeX\tex/latex/tools\indentfirst.sty
Package: indentfirst 2023/07/02 v1.03 Indent first paragraph (DPC)
)
(C:\Program Files\MiKTeX\tex/latex/graphics\graphicx.sty
Package: graphicx 2026-05-17 v1.2e Enhanced LaTeX Graphics (DPC,SPQR)

(C:\Program Files\MiKTeX\tex/latex/graphics\graphics.sty
Package: graphics 2026-05-17 v1.4h Standard LaTeX Graphics (DPC,SPQR)

(C:\Program Files\MiKTeX\tex/latex/graphics\trig.sty
Package: trig 2023/12/02 v1.11 sin cos tan (DPC)
)
(C:\Program Files\MiKTeX\tex/latex/graphics-cfg\graphics.cfg
File: graphics.cfg 2016/06/04 v1.11 sample graphics configuration
)
Package graphics Info: Driver file: pdftex.def on input line 106.
)
\Gin@req@height=\dimen176
\Gin@req@width=\dimen177
)
(C:\Users\aymen\AppData\Roaming\MiKTeX\tex/latex/float\float.sty
Package: float 2001/11/08 v1.3d Float enhancements (AL)
\c@float@type=\count306
\float@exts=\toks27
\float@box=\box55
\@float@everytoks=\toks28
\@floatcapt=\box56
)
(C:\Users\aymen\AppData\Roaming\MiKTeX\tex/latex/caption\caption.sty
Package: caption 2023/08/05 v3.6o Customizing captions (AR)

(C:\Users\aymen\AppData\Roaming\MiKTeX\tex/latex/caption\caption3.sty
Package: caption3 2023/07/31 v2.4d caption3 kernel (AR)
\caption@tempdima=\dimen178
\captionmargin=\dimen179
\caption@leftmargin=\dimen180
\caption@rightmargin=\dimen181
\caption@width=\dimen182
\caption@indent=\dimen183
\caption@parindent=\dimen184
\caption@hangindent=\dimen185
Package caption Info: Standard document class detected.
Package caption Info: french babel package is loaded.
)
\c@caption@flags=\count307
\c@continuedfloat=\count308
Package caption Info: float package is loaded.
)
(C:\Users\aymen\AppData\Roaming\MiKTeX\tex/latex/caption\subcaption.sty
Package: subcaption 2023/07/28 v1.6b Sub-captions (AR)
Package caption Info: New subtype `subfigure' on input line 238.
\c@subfigure=\count309
Package caption Info: New subtype `subtable' on input line 238.
\c@subtable=\count310
)
(C:\Users\aymen\AppData\Roaming\MiKTeX\tex/latex/booktabs\booktabs.sty
Package: booktabs 2020/01/12 v1.61803398 Publication quality tables
\heavyrulewidth=\dimen186
\lightrulewidth=\dimen187
\cmidrulewidth=\dimen188
\belowrulesep=\dimen189
\belowbottomsep=\dimen190
\aboverulesep=\dimen191
\abovetopsep=\dimen192
\cmidrulesep=\dimen193
\cmidrulekern=\dimen194
\defaultaddspace=\dimen195
\@cmidla=\count311
\@cmidlb=\count312
\@aboverulesep=\dimen196
\@belowrulesep=\dimen197
\@thisruleclass=\count313
\@lastruleclass=\count314
\@thisrulewidth=\dimen198
)
(C:\Program Files\MiKTeX\tex/latex/tools\array.sty
Package: array 2026/02/24 v2.7b Tabular extension package (FMi)
\col@sep=\dimen199
\ar@mcellbox=\box57
\extrarowheight=\dimen256
\NC@list=\toks29
\extratabsurround=\skip68
\backup@length=\skip69
\ar@cellbox=\box58
)
(C:\Users\aymen\AppData\Roaming\MiKTeX\tex/latex/multirow\multirow.sty
Package: multirow 2024/11/12 v2.9 Span multiple rows of a table
\multirow@colwidth=\skip70
\multirow@cntb=\count315
\multirow@dima=\skip71
\bigstrutjot=\dimen257
)
(C:\Program Files\MiKTeX\tex/latex/tools\longtable.sty
Package: longtable 2026-01-28 v4.27 Multi-page Table package (DPC)
\LTleft=\skip72
\LTright=\skip73
\LTpre=\skip74
\LTpost=\skip75
\LTchunksize=\count316
\LTcapwidth=\dimen258
\LT@head=\box59
\LT@firsthead=\box60
\LT@foot=\box61
\LT@lastfoot=\box62
\LT@gbox=\box63
\LT@cols=\count317
\LT@rows=\count318
\c@LT@tables=\count319
\c@LT@chunks=\count320
\LT@p@ftn=\toks30
)
(C:\Users\aymen\AppData\Roaming\MiKTeX\tex/latex/colortbl\colortbl.sty
Package: colortbl 2026/05/01 v1.0l Color table columns (DPC)

new hooks used!!
\minrowclearance=\skip76
\rownum=\count321
) (C:\Program Files\MiKTeX\tex/latex/tools\tabularx.sty
Package: tabularx 2023/12/11 v2.12a `tabularx' package (DPC)
\TX@col@width=\dimen259
\TX@old@table=\dimen260
\TX@old@col=\dimen261
\TX@target=\dimen262
\TX@delta=\dimen263
\TX@cols=\count322
\TX@ftn=\toks31
)
(C:\Users\aymen\AppData\Roaming\MiKTeX\tex/latex/enumitem\enumitem.sty
Package: enumitem 2025/02/06 v3.11 Customized lists
\labelindent=\skip77
\enit@outerparindent=\dimen264
\enit@toks=\toks32
\enit@inbox=\box64
\enit@count@id=\count323
\enitdp@description=\count324
)
(C:\Program Files\MiKTeX\tex/latex/amsmath\amsmath.sty
Package: amsmath 2026/05/19 v2.18d AMS math features
\@mathmargin=\skip78

For additional information on amsmath, use the `?' option.
(C:\Program Files\MiKTeX\tex/latex/amsmath\amstext.sty
Package: amstext 2024/11/17 v2.01 AMS text

(C:\Program Files\MiKTeX\tex/latex/amsmath\amsgen.sty
File: amsgen.sty 1999/11/30 v2.0 generic functions
\@emptytoks=\toks33
\ex@=\dimen265
))
(C:\Program Files\MiKTeX\tex/latex/amsmath\amsbsy.sty
Package: amsbsy 1999/11/29 v1.2d Bold Symbols
\pmbraise@=\dimen266
)
(C:\Program Files\MiKTeX\tex/latex/amsmath\amsopn.sty
Package: amsopn 2022/04/08 v2.04 operator names
)
\inf@bad=\count325
LaTeX Info: Redefining \frac on input line 233.
\uproot@=\count326
\leftroot@=\count327
LaTeX Info: Redefining \overline on input line 398.
LaTeX Info: Redefining \colon on input line 409.
\classnum@=\count328
\DOTSCASE@=\count329
LaTeX Info: Redefining \ldots on input line 495.
LaTeX Info: Redefining \dots on input line 498.
LaTeX Info: Redefining \cdots on input line 619.
\Mathstrutbox@=\box65
\strutbox@=\box66
LaTeX Info: Redefining \big on input line 721.
LaTeX Info: Redefining \Big on input line 722.
LaTeX Info: Redefining \bigg on input line 723.
LaTeX Info: Redefining \Bigg on input line 724.
\big@size=\dimen267
LaTeX Font Info:    Redeclaring font encoding OML on input line 742.
LaTeX Font Info:    Redeclaring font encoding OMS on input line 743.
\macc@depth=\count330
LaTeX Info: Redefining \bmod on input line 904.
LaTeX Info: Redefining \pmod on input line 909.
LaTeX Info: Redefining \smash on input line 939.
LaTeX Info: Redefining \relbar on input line 969.
LaTeX Info: Redefining \Relbar on input line 970.
\c@MaxMatrixCols=\count331
\dotsspace@=\muskip17
\c@parentequation=\count332
\dspbrk@lvl=\count333
\tag@help=\toks34
\row@=\count334
\column@=\count335
\maxfields@=\count336
\andhelp@=\toks35
\eqnshift@=\dimen268
\alignsep@=\dimen269
\tagshift@=\dimen270
\tagwidth@=\dimen271
\totwidth@=\dimen272
\lineht@=\dimen273
\@envbody=\toks36
\multlinegap=\skip79
\multlinetaggap=\skip80
\mathdisplay@stack=\toks37
LaTeX Info: Redefining \[ on input line 2965.
LaTeX Info: Redefining \] on input line 2966.
)
(C:\Program Files\MiKTeX\tex/latex/amsfonts\amssymb.sty
Package: amssymb 2013/01/14 v3.01 AMS font symbols

(C:\Program Files\MiKTeX\tex/latex/amsfonts\amsfonts.sty
Package: amsfonts 2013/01/14 v3.01 Basic AMSFonts support
\symAMSa=\mathgroup4
\symAMSb=\mathgroup5
LaTeX Font Info:    Redeclaring math symbol \hbar on input line 98.
LaTeX Font Info:    Overwriting math alphabet `\mathfrak' in version `bold'
(Font)                  U/euf/m/n --> U/euf/b/n on input line 106.
))
(C:\Users\aymen\AppData\Roaming\MiKTeX\tex/latex/siunitx\siunitx.sty
Package: siunitx 2026-05-15 v3.5.5 A comprehensive (SI) units package
\l__siunitx_number_uncert_offset_int=\count337
\l__siunitx_number_exponent_fixed_int=\count338
\l__siunitx_number_min_decimal_int=\count339
\l__siunitx_number_min_integer_int=\count340
\l__siunitx_number_round_precision_int=\count341
\l__siunitx_number_lower_threshold_int=\count342
\l__siunitx_number_upper_threshold_int=\count343
\l__siunitx_number_group_first_int=\count344
\l__siunitx_number_group_size_int=\count345
\l__siunitx_number_group_min_int=\count346
\l__siunitx_number_group_minimum_int=\count347
\l__siunitx_compound_count_int=\count348

(C:\Users\aymen\AppData\Roaming\MiKTeX\tex/latex/translations\translations.sty
Package: translations 2022/02/05 v1.12 internationalization of LaTeX2e packages
 (CN)

(C:\Program Files\MiKTeX\tex/generic/pdftexcmds\pdftexcmds.sty
Package: pdftexcmds 2020-06-27 v0.33 Utility functions of pdfTeX for LuaTeX (HO
)

(C:\Users\aymen\AppData\Roaming\MiKTeX\tex/generic/infwarerr\infwarerr.sty
Package: infwarerr 2019/12/03 v1.5 Providing info/warning/error messages (HO)
)
(C:\Users\aymen\AppData\Roaming\MiKTeX\tex/generic/ltxcmds\ltxcmds.sty
Package: ltxcmds 2023-12-04 v1.26 LaTeX kernel commands for general use (HO)
)
Package pdftexcmds Info: \pdf@primitive is available.
Package pdftexcmds Info: \pdf@ifprimitive is available.
Package pdftexcmds Info: \pdfdraftmode found.
))
\l__siunitx_table_tmp_box=\box67
\l__siunitx_table_tmp_dim=\dimen274
\l__siunitx_table_column_width_dim=\dimen275
\l__siunitx_table_integer_box=\box68
\l__siunitx_table_decimal_box=\box69
\l__siunitx_table_uncert_box=\box70
\l__siunitx_table_before_box=\box71
\l__siunitx_table_after_box=\box72
\l__siunitx_table_before_dim=\dimen276
\l__siunitx_table_carry_dim=\dimen277
\l__siunitx_unit_tmp_int=\count349
\l__siunitx_unit_position_int=\count350
\l__siunitx_unit_total_int=\count351
\l__siunitx_sexagesimal_tmp_dim=\dimen278
\l__siunitx_sexagesimal_marker_box=\box73
\l__siunitx_sexagesimal_unit_box=\box74
)

Package siunitx Info: Option "detect-weight" has been deprecated in this
(siunitx)             release.
(siunitx)             
(siunitx)             Use "reset-text-series = false, text-series-to-math =
(siunitx)             true" as a replacement.


Package siunitx Info: Option "detect-family" has been deprecated in this
(siunitx)             release.
(siunitx)             
(siunitx)             Use "reset-text-family = false, text-family-to-math =
(siunitx)             true" as a replacement.


(C:\Program Files\MiKTeX\tex/latex/pgf/frontendlayer\tikz.sty
(C:\Program Files\MiKTeX\tex/latex/pgf/basiclayer\pgf.sty
(C:\Program Files\MiKTeX\tex/latex/pgf/utilities\pgfrcs.sty
(C:\Program Files\MiKTeX\tex/generic/pgf/utilities\pgfutil-common.tex
\pgfutil@everybye=\toks38
\pgfutil@tempdima=\dimen279
\pgfutil@tempdimb=\dimen280
)
(C:\Program Files\MiKTeX\tex/generic/pgf/utilities\pgfutil-latex.def
\pgfutil@abb=\box75
)
(C:\Program Files\MiKTeX\tex/generic/pgf/utilities\pgfrcs.code.tex
(C:\Program Files\MiKTeX\tex/generic/pgf\pgf.revision.tex)
Package: pgfrcs 2025-08-29 v3.1.11a (3.1.11a)
))
Package: pgf 2025-08-29 v3.1.11a (3.1.11a)

(C:\Program Files\MiKTeX\tex/latex/pgf/basiclayer\pgfcore.sty
(C:\Program Files\MiKTeX\tex/latex/pgf/systemlayer\pgfsys.sty
(C:\Program Files\MiKTeX\tex/generic/pgf/systemlayer\pgfsys.code.tex
Package: pgfsys 2025-08-29 v3.1.11a (3.1.11a)

(C:\Program Files\MiKTeX\tex/generic/pgf/utilities\pgfkeys.code.tex
\pgfkeys@pathtoks=\toks39
\pgfkeys@temptoks=\toks40

(C:\Program Files\MiKTeX\tex/generic/pgf/utilities\pgfkeyslibraryfiltered.code.
tex
\pgfkeys@tmptoks=\toks41
))
\pgf@x=\dimen281
\pgf@y=\dimen282
\pgf@xa=\dimen283
\pgf@ya=\dimen284
\pgf@xb=\dimen285
\pgf@yb=\dimen286
\pgf@xc=\dimen287
\pgf@yc=\dimen288
\pgf@xd=\dimen289
\pgf@yd=\dimen290
\w@pgf@writea=\write3
\r@pgf@reada=\read3
\c@pgf@counta=\count352
\c@pgf@countb=\count353
\c@pgf@countc=\count354
\c@pgf@countd=\count355
\t@pgf@toka=\toks42
\t@pgf@tokb=\toks43
\t@pgf@tokc=\toks44
\pgf@sys@id@count=\count356
 (C:\Program Files\MiKTeX\tex/generic/pgf/systemlayer\pgf.cfg
File: pgf.cfg 2025-08-29 v3.1.11a (3.1.11a)
)
Driver file for pgf: pgfsys-pdftex.def

(C:\Program Files\MiKTeX\tex/generic/pgf/systemlayer\pgfsys-pdftex.def
File: pgfsys-pdftex.def 2025-08-29 v3.1.11a (3.1.11a)

(C:\Program Files\MiKTeX\tex/generic/pgf/systemlayer\pgfsys-common-pdf.def
File: pgfsys-common-pdf.def 2025-08-29 v3.1.11a (3.1.11a)
)))
(C:\Program Files\MiKTeX\tex/generic/pgf/systemlayer\pgfsyssoftpath.code.tex
File: pgfsyssoftpath.code.tex 2025-08-29 v3.1.11a (3.1.11a)
\pgfsyssoftpath@smallbuffer@items=\count357
\pgfsyssoftpath@bigbuffer@items=\count358
)
(C:\Program Files\MiKTeX\tex/generic/pgf/systemlayer\pgfsysprotocol.code.tex
File: pgfsysprotocol.code.tex 2025-08-29 v3.1.11a (3.1.11a)
))
(C:\Program Files\MiKTeX\tex/generic/pgf/basiclayer\pgfcore.code.tex
Package: pgfcore 2025-08-29 v3.1.11a (3.1.11a)

(C:\Program Files\MiKTeX\tex/generic/pgf/math\pgfmath.code.tex
(C:\Program Files\MiKTeX\tex/generic/pgf/math\pgfmathutil.code.tex)
(C:\Program Files\MiKTeX\tex/generic/pgf/math\pgfmathparser.code.tex
\pgfmath@dimen=\dimen291
\pgfmath@count=\count359
\pgfmath@box=\box76
\pgfmath@toks=\toks45
\pgfmath@stack@operand=\toks46
\pgfmath@stack@operation=\toks47
)
(C:\Program Files\MiKTeX\tex/generic/pgf/math\pgfmathfunctions.code.tex)
(C:\Program Files\MiKTeX\tex/generic/pgf/math\pgfmathfunctions.basic.code.tex)
(C:\Program Files\MiKTeX\tex/generic/pgf/math\pgfmathfunctions.trigonometric.co
de.tex)
(C:\Program Files\MiKTeX\tex/generic/pgf/math\pgfmathfunctions.random.code.tex)

(C:\Program Files\MiKTeX\tex/generic/pgf/math\pgfmathfunctions.comparison.code.
tex)
(C:\Program Files\MiKTeX\tex/generic/pgf/math\pgfmathfunctions.base.code.tex)
(C:\Program Files\MiKTeX\tex/generic/pgf/math\pgfmathfunctions.round.code.tex)
(C:\Program Files\MiKTeX\tex/generic/pgf/math\pgfmathfunctions.misc.code.tex)
(C:\Program Files\MiKTeX\tex/generic/pgf/math\pgfmathfunctions.integerarithmeti
cs.code.tex) (C:\Program Files\MiKTeX\tex/generic/pgf/math\pgfmathcalc.code.tex
) (C:\Program Files\MiKTeX\tex/generic/pgf/math\pgfmathfloat.code.tex
\c@pgfmathroundto@lastzeros=\count360
))
(C:\Program Files\MiKTeX\tex/generic/pgf/math\pgfint.code.tex)
(C:\Program Files\MiKTeX\tex/generic/pgf/basiclayer\pgfcorepoints.code.tex
File: pgfcorepoints.code.tex 2025-08-29 v3.1.11a (3.1.11a)
\pgf@picminx=\dimen292
\pgf@picmaxx=\dimen293
\pgf@picminy=\dimen294
\pgf@picmaxy=\dimen295
\pgf@pathminx=\dimen296
\pgf@pathmaxx=\dimen297
\pgf@pathminy=\dimen298
\pgf@pathmaxy=\dimen299
\pgf@xx=\dimen300
\pgf@xy=\dimen301
\pgf@yx=\dimen302
\pgf@yy=\dimen303
\pgf@zx=\dimen304
\pgf@zy=\dimen305
)
(C:\Program Files\MiKTeX\tex/generic/pgf/basiclayer\pgfcorepathconstruct.code.t
ex
File: pgfcorepathconstruct.code.tex 2025-08-29 v3.1.11a (3.1.11a)
\pgf@path@lastx=\dimen306
\pgf@path@lasty=\dimen307
)
(C:\Program Files\MiKTeX\tex/generic/pgf/basiclayer\pgfcorepathusage.code.tex
File: pgfcorepathusage.code.tex 2025-08-29 v3.1.11a (3.1.11a)
\pgf@shorten@end@additional=\dimen308
\pgf@shorten@start@additional=\dimen309
)
(C:\Program Files\MiKTeX\tex/generic/pgf/basiclayer\pgfcorescopes.code.tex
File: pgfcorescopes.code.tex 2025-08-29 v3.1.11a (3.1.11a)
\pgfpic=\box77
\pgf@hbox=\box78
\pgf@layerbox@main=\box79
\pgf@picture@serial@count=\count361
)
(C:\Program Files\MiKTeX\tex/generic/pgf/basiclayer\pgfcoregraphicstate.code.te
x
File: pgfcoregraphicstate.code.tex 2025-08-29 v3.1.11a (3.1.11a)
\pgflinewidth=\dimen310
)
(C:\Program Files\MiKTeX\tex/generic/pgf/basiclayer\pgfcoretransformations.code
.tex
File: pgfcoretransformations.code.tex 2025-08-29 v3.1.11a (3.1.11a)
\pgf@pt@x=\dimen311
\pgf@pt@y=\dimen312
\pgf@pt@temp=\dimen313
) (C:\Program Files\MiKTeX\tex/generic/pgf/basiclayer\pgfcorequick.code.tex
File: pgfcorequick.code.tex 2025-08-29 v3.1.11a (3.1.11a)
) (C:\Program Files\MiKTeX\tex/generic/pgf/basiclayer\pgfcoreobjects.code.tex
File: pgfcoreobjects.code.tex 2025-08-29 v3.1.11a (3.1.11a)
)
(C:\Program Files\MiKTeX\tex/generic/pgf/basiclayer\pgfcorepathprocessing.code.
tex
File: pgfcorepathprocessing.code.tex 2025-08-29 v3.1.11a (3.1.11a)
) (C:\Program Files\MiKTeX\tex/generic/pgf/basiclayer\pgfcorearrows.code.tex
File: pgfcorearrows.code.tex 2025-08-29 v3.1.11a (3.1.11a)
\pgfarrowsep=\dimen314
) (C:\Program Files\MiKTeX\tex/generic/pgf/basiclayer\pgfcoreshade.code.tex
File: pgfcoreshade.code.tex 2025-08-29 v3.1.11a (3.1.11a)
\pgf@max=\dimen315
\pgf@sys@shading@range@num=\count362
\pgf@shadingcount=\count363
)
(C:\Program Files\MiKTeX\tex/generic/pgf/basiclayer\pgfcoreimage.code.tex
File: pgfcoreimage.code.tex 2025-08-29 v3.1.11a (3.1.11a)
)
(C:\Program Files\MiKTeX\tex/generic/pgf/basiclayer\pgfcoreexternal.code.tex
File: pgfcoreexternal.code.tex 2025-08-29 v3.1.11a (3.1.11a)
\pgfexternal@startupbox=\box80
)
(C:\Program Files\MiKTeX\tex/generic/pgf/basiclayer\pgfcorelayers.code.tex
File: pgfcorelayers.code.tex 2025-08-29 v3.1.11a (3.1.11a)
)
(C:\Program Files\MiKTeX\tex/generic/pgf/basiclayer\pgfcoretransparency.code.te
x
File: pgfcoretransparency.code.tex 2025-08-29 v3.1.11a (3.1.11a)
) (C:\Program Files\MiKTeX\tex/generic/pgf/basiclayer\pgfcorepatterns.code.tex
File: pgfcorepatterns.code.tex 2025-08-29 v3.1.11a (3.1.11a)
) (C:\Program Files\MiKTeX\tex/generic/pgf/basiclayer\pgfcorerdf.code.tex
File: pgfcorerdf.code.tex 2025-08-29 v3.1.11a (3.1.11a)
)))
(C:\Program Files\MiKTeX\tex/generic/pgf/modules\pgfmoduleshapes.code.tex
File: pgfmoduleshapes.code.tex 2025-08-29 v3.1.11a (3.1.11a)
\pgfnodeparttextbox=\box81
)
(C:\Program Files\MiKTeX\tex/generic/pgf/modules\pgfmoduleplot.code.tex
File: pgfmoduleplot.code.tex 2025-08-29 v3.1.11a (3.1.11a)
)
(C:\Program Files\MiKTeX\tex/latex/pgf/compatibility\pgfcomp-version-0-65.sty
Package: pgfcomp-version-0-65 2025-08-29 v3.1.11a (3.1.11a)
\pgf@nodesepstart=\dimen316
\pgf@nodesepend=\dimen317
)
(C:\Program Files\MiKTeX\tex/latex/pgf/compatibility\pgfcomp-version-1-18.sty
Package: pgfcomp-version-1-18 2025-08-29 v3.1.11a (3.1.11a)
)) (C:\Program Files\MiKTeX\tex/latex/pgf/utilities\pgffor.sty
(C:\Program Files\MiKTeX\tex/latex/pgf/utilities\pgfkeys.sty
(C:\Program Files\MiKTeX\tex/generic/pgf/utilities\pgfkeys.code.tex))
(C:\Program Files\MiKTeX\tex/latex/pgf/math\pgfmath.sty
(C:\Program Files\MiKTeX\tex/generic/pgf/math\pgfmath.code.tex))
(C:\Program Files\MiKTeX\tex/generic/pgf/utilities\pgffor.code.tex
Package: pgffor 2025-08-29 v3.1.11a (3.1.11a)
\pgffor@iter=\dimen318
\pgffor@skip=\dimen319
\pgffor@stack=\toks48
\pgffor@toks=\toks49
))
(C:\Program Files\MiKTeX\tex/generic/pgf/frontendlayer/tikz\tikz.code.tex
Package: tikz 2025-08-29 v3.1.11a (3.1.11a)

(C:\Program Files\MiKTeX\tex/generic/pgf/libraries\pgflibraryplothandlers.code.
tex
File: pgflibraryplothandlers.code.tex 2025-08-29 v3.1.11a (3.1.11a)
\pgf@plot@mark@count=\count364
\pgfplotmarksize=\dimen320
)
\tikz@lastx=\dimen321
\tikz@lasty=\dimen322
\tikz@lastxsaved=\dimen323
\tikz@lastysaved=\dimen324
\tikz@lastmovetox=\dimen325
\tikz@lastmovetoy=\dimen326
\tikzleveldistance=\dimen327
\tikzsiblingdistance=\dimen328
\tikz@figbox=\box82
\tikz@figbox@bg=\box83
\tikz@tempbox=\box84
\tikz@tempbox@bg=\box85
\tikztreelevel=\count365
\tikznumberofchildren=\count366
\tikznumberofcurrentchild=\count367
\tikz@fig@count=\count368
 (C:\Program Files\MiKTeX\tex/generic/pgf/modules\pgfmodulematrix.code.tex
File: pgfmodulematrix.code.tex 2025-08-29 v3.1.11a (3.1.11a)
\pgfmatrixcurrentrow=\count369
\pgfmatrixcurrentcolumn=\count370
\pgf@matrix@numberofcolumns=\count371
)
\tikz@expandcount=\count372

(C:\Program Files\MiKTeX\tex/generic/pgf/frontendlayer/tikz/libraries\tikzlibra
rytopaths.code.tex
File: tikzlibrarytopaths.code.tex 2025-08-29 v3.1.11a (3.1.11a)
)))
(C:\Program Files\MiKTeX\tex/generic/pgf/frontendlayer/tikz/libraries\tikzlibra
ryshapes.code.tex
File: tikzlibraryshapes.code.tex 2025-08-29 v3.1.11a (3.1.11a)

(C:\Program Files\MiKTeX\tex/generic/pgf/frontendlayer/tikz/libraries\tikzlibra
ryshapes.geometric.code.tex
File: tikzlibraryshapes.geometric.code.tex 2025-08-29 v3.1.11a (3.1.11a)

(C:\Program Files\MiKTeX\tex/generic/pgf/libraries/shapes\pgflibraryshapes.geom
etric.code.tex
File: pgflibraryshapes.geometric.code.tex 2025-08-29 v3.1.11a (3.1.11a)
))
(C:\Program Files\MiKTeX\tex/generic/pgf/frontendlayer/tikz/libraries\tikzlibra
ryshapes.misc.code.tex
File: tikzlibraryshapes.misc.code.tex 2025-08-29 v3.1.11a (3.1.11a)

(C:\Program Files\MiKTeX\tex/generic/pgf/libraries/shapes\pgflibraryshapes.misc
.code.tex
File: pgflibraryshapes.misc.code.tex 2025-08-29 v3.1.11a (3.1.11a)
))
(C:\Program Files\MiKTeX\tex/generic/pgf/frontendlayer/tikz/libraries\tikzlibra
ryshapes.symbols.code.tex
File: tikzlibraryshapes.symbols.code.tex 2025-08-29 v3.1.11a (3.1.11a)

(C:\Program Files\MiKTeX\tex/generic/pgf/libraries/shapes\pgflibraryshapes.symb
ols.code.tex
File: pgflibraryshapes.symbols.code.tex 2025-08-29 v3.1.11a (3.1.11a)
))
(C:\Program Files\MiKTeX\tex/generic/pgf/frontendlayer/tikz/libraries\tikzlibra
ryshapes.arrows.code.tex
File: tikzlibraryshapes.arrows.code.tex 2025-08-29 v3.1.11a (3.1.11a)

(C:\Program Files\MiKTeX\tex/generic/pgf/libraries/shapes\pgflibraryshapes.arro
ws.code.tex
File: pgflibraryshapes.arrows.code.tex 2025-08-29 v3.1.11a (3.1.11a)
))
(C:\Program Files\MiKTeX\tex/generic/pgf/frontendlayer/tikz/libraries\tikzlibra
ryshapes.callouts.code.tex
(C:\Program Files\MiKTeX\tex/generic/pgf/libraries/shapes\pgflibraryshapes.call
outs.code.tex))
(C:\Program Files\MiKTeX\tex/generic/pgf/frontendlayer/tikz/libraries\tikzlibra
ryshapes.multipart.code.tex
File: tikzlibraryshapes.multipart.code.tex 2025-08-29 v3.1.11a (3.1.11a)

(C:\Program Files\MiKTeX\tex/generic/pgf/libraries/shapes\pgflibraryshapes.mult
ipart.code.tex
File: pgflibraryshapes.multipart.code.tex 2025-08-29 v3.1.11a (3.1.11a)
\pgfnodepartlowerbox=\box86
\pgfnodeparttwobox=\box87
\pgfnodepartthreebox=\box88
\pgfnodepartfourbox=\box89
\pgfnodeparttwentybox=\box90
\pgfnodepartnineteenbox=\box91
\pgfnodeparteighteenbox=\box92
\pgfnodepartseventeenbox=\box93
\pgfnodepartsixteenbox=\box94
\pgfnodepartfifteenbox=\box95
\pgfnodepartfourteenbox=\box96
\pgfnodepartthirteenbox=\box97
\pgfnodeparttwelvebox=\box98
\pgfnodepartelevenbox=\box99
\pgfnodeparttenbox=\box100
\pgfnodepartninebox=\box101
\pgfnodeparteightbox=\box102
\pgfnodepartsevenbox=\box103
\pgfnodepartsixbox=\box104
\pgfnodepartfivebox=\box105
)))
(C:\Program Files\MiKTeX\tex/generic/pgf/frontendlayer/tikz/libraries\tikzlibra
ryarrows.code.tex
File: tikzlibraryarrows.code.tex 2025-08-29 v3.1.11a (3.1.11a)

(C:\Program Files\MiKTeX\tex/generic/pgf/libraries\pgflibraryarrows.code.tex
File: pgflibraryarrows.code.tex 2025-08-29 v3.1.11a (3.1.11a)
\arrowsize=\dimen329
))
(C:\Program Files\MiKTeX\tex/generic/pgf/libraries\pgflibraryarrows.meta.code.t
ex
File: pgflibraryarrows.meta.code.tex 2025-08-29 v3.1.11a (3.1.11a)
\pgfarrowinset=\dimen330
\pgfarrowlength=\dimen331
\pgfarrowwidth=\dimen332
\pgfarrowlinewidth=\dimen333
)
(C:\Program Files\MiKTeX\tex/generic/pgf/frontendlayer/tikz/libraries\tikzlibra
rypositioning.code.tex
File: tikzlibrarypositioning.code.tex 2025-08-29 v3.1.11a (3.1.11a)
)
(C:\Program Files\MiKTeX\tex/generic/pgf/frontendlayer/tikz/libraries\tikzlibra
rycalc.code.tex
File: tikzlibrarycalc.code.tex 2025-08-29 v3.1.11a (3.1.11a)
)
(C:\Program Files\MiKTeX\tex/generic/pgf/frontendlayer/tikz/libraries\tikzlibra
ryfit.code.tex
File: tikzlibraryfit.code.tex 2025-08-29 v3.1.11a (3.1.11a)
)
(C:\Program Files\MiKTeX\tex/generic/pgf/frontendlayer/tikz/libraries\tikzlibra
rybackgrounds.code.tex
File: tikzlibrarybackgrounds.code.tex 2025-08-29 v3.1.11a (3.1.11a)
\pgf@layerbox@background=\box106
\pgf@layerboxsaved@background=\box107
)
(C:\Program Files\MiKTeX\tex/generic/pgf/frontendlayer/tikz/libraries\tikzlibra
rydecorations.pathmorphing.code.tex
(C:\Program Files\MiKTeX\tex/generic/pgf/frontendlayer/tikz/libraries\tikzlibra
rydecorations.code.tex
(C:\Program Files\MiKTeX\tex/generic/pgf/modules\pgfmoduledecorations.code.tex
\pgfdecoratedcompleteddistance=\dimen334
\pgfdecoratedremainingdistance=\dimen335
\pgfdecoratedinputsegmentcompleteddistance=\dimen336
\pgfdecoratedinputsegmentremainingdistance=\dimen337
\pgf@decorate@distancetomove=\dimen338
\pgf@decorate@repeatstate=\count373
\pgfdecorationsegmentamplitude=\dimen339
\pgfdecorationsegmentlength=\dimen340
)
\tikz@lib@dec@box=\box108
)
(C:\Program Files\MiKTeX\tex/generic/pgf/libraries/decorations\pgflibrarydecora
tions.pathmorphing.code.tex))
(C:\Users\aymen\AppData\Roaming\MiKTeX\tex/latex/pgfgantt\pgfgantt.sty
Package: pgfgantt 2024/06/19 v5.0a Draw Gantt diagrams with TikZ

(C:\Program Files\MiKTeX\tex/generic/pgf/frontendlayer/tikz/libraries\tikzlibra
rypatterns.code.tex
File: tikzlibrarypatterns.code.tex 2025-08-29 v3.1.11a (3.1.11a)

(C:\Program Files\MiKTeX\tex/generic/pgf/libraries\pgflibrarypatterns.code.tex
File: pgflibrarypatterns.code.tex 2025-08-29 v3.1.11a (3.1.11a)
)) (C:\Program Files\MiKTeX\tex/latex/pgf/utilities\pgfcalendar.sty
(C:\Program Files\MiKTeX\tex/generic/pgf/utilities\pgfcalendar.code.tex
File: pgfcalendar.code.tex 2025-08-29 v3.1.11a (3.1.11a)
\pgfcalendarcurrentjulian=\count374
\pgf@cal@easter@Y=\count375
\pgf@cal@easter@G=\count376
\pgf@cal@easter@C=\count377
\pgf@cal@easter@X=\count378
\pgf@cal@easter@Z=\count379
\pgf@cal@easter@D=\count380
\pgf@cal@easter@E=\count381
\pgf@cal@easter@N=\count382
\pgf@cal@easter@M=\count383
\pgf@cal@easter@julianday=\count384
))
\gtt@currentline=\count385
\gtt@lasttitleline=\count386
\gtt@currgrid=\count387
\gtt@chartwidth=\count388
\gtt@lasttitleslot=\count389
\gtt@elementid=\count390
\gtt@today@slot=\count391
\gtt@startjulian=\count392
\gtt@endjulian=\count393
\gtt@chartid=\count394
\gtt@vrule@slot=\count395
\gtt@calendar@slots=\count396
\gtt@calendar@weeknumber=\count397
\gtt@calendar@startofweek=\count398
\gtt@left@slot=\count399
\gtt@right@slot=\count400
)
(C:\Users\aymen\AppData\Roaming\MiKTeX\tex/latex/pgf-umlsd\pgf-umlsd.sty
Package: pgf-umlsd 2011/07/27 v0.6 Some LaTeX macros for UML Sequence Diagrams.


(C:\Program Files\MiKTeX\tex/generic/pgf/frontendlayer/tikz/libraries\tikzlibra
ryshadows.code.tex
File: tikzlibraryshadows.code.tex 2025-08-29 v3.1.11a (3.1.11a)

(C:\Program Files\MiKTeX\tex/generic/pgf/frontendlayer/tikz/libraries\tikzlibra
ryfadings.code.tex
File: tikzlibraryfadings.code.tex 2025-08-29 v3.1.11a (3.1.11a)

(C:\Program Files\MiKTeX\tex/generic/pgf/libraries\pgflibraryfadings.code.tex
File: pgflibraryfadings.code.tex 2025-08-29 v3.1.11a (3.1.11a)
))) (C:\Program Files\MiKTeX\tex/latex/base\ifthen.sty
Package: ifthen 2024/03/16 v1.1e Standard LaTeX ifthen package (DPC)
)
\c@preinst=\count401
\c@instnum=\count402
\c@threadnum=\count403
\c@seqlevel=\count404
\c@callevel=\count405
\c@callselflevel=\count406
\c@blocklevel=\count407
)
(C:\Program Files\MiKTeX\tex/latex/listings\listings.sty
\lst@mode=\count408
\lst@gtempboxa=\box109
\lst@token=\toks50
\lst@length=\count409
\lst@currlwidth=\dimen341
\lst@column=\count410
\lst@pos=\count411
\lst@lostspace=\dimen342
\lst@width=\dimen343
\lst@newlines=\count412
\lst@lineno=\count413
\lst@maxwidth=\dimen344

(C:\Program Files\MiKTeX\tex/latex/listings\lstpatch.sty
File: lstpatch.sty 2025/11/14 1.11b (Carsten Heinz)
)
(C:\Program Files\MiKTeX\tex/latex/listings\lstmisc.sty
File: lstmisc.sty 2025/11/14 1.11b (Carsten Heinz)
\c@lstnumber=\count414
\lst@skipnumbers=\count415
\lst@framebox=\box110
)
(C:\Program Files\MiKTeX\tex/latex/listings\listings.cfg
File: listings.cfg 2025/11/14 1.11b listings configuration
))
Package: listings 2025/11/14 1.11b (Carsten Heinz)

(C:\Users\aymen\AppData\Roaming\MiKTeX\tex/latex/acronym\acronym.sty
Package: acronym 2025/01/17 v1.50 Support for acronyms (Tobias Oetiker)

(C:\Users\aymen\AppData\Roaming\MiKTeX\tex/latex/bigfoot\suffix.sty
Package: suffix 2006/07/15 1.5a Variant command support
)
(C:\Users\aymen\AppData\Roaming\MiKTeX\tex/latex/xstring\xstring.sty
(C:\Users\aymen\AppData\Roaming\MiKTeX\tex/generic/xstring\xstring.tex
\xs_counta=\count416
\xs_countb=\count417
)
Package: xstring 2023/08/22 v1.86 String manipulations (CT)
)
\AC@clearlist=\toks51
)
(C:\Program Files\MiKTeX\tex/latex/biblatex\biblatex.sty
Package: biblatex 2025/07/10 v3.21 programmable bibliographies (PK/MW)

(C:\Users\aymen\AppData\Roaming\MiKTeX\tex/latex/kvoptions\kvoptions.sty
Package: kvoptions 2022-06-15 v3.15 Key value format for package options (HO)

(C:\Users\aymen\AppData\Roaming\MiKTeX\tex/latex/kvsetkeys\kvsetkeys.sty
Package: kvsetkeys 2022-10-05 v1.19 Key value parser (HO)
))
(C:\Users\aymen\AppData\Roaming\MiKTeX\tex/latex/logreq\logreq.sty
Package: logreq 2010/08/04 v1.0 xml request logger
\lrq@indent=\count418

(C:\Users\aymen\AppData\Roaming\MiKTeX\tex/latex/logreq\logreq.def
File: logreq.def 2010/08/04 v1.0 logreq spec v1.0
))
(C:\Program Files\MiKTeX\tex/latex/url\url.sty
\Urlmuskip=\muskip18
Package: url 2013/09/16  ver 3.4  Verb mode for urls, etc.
)
\c@tabx@nest=\count419
\c@listtotal=\count420
\c@listcount=\count421
\c@liststart=\count422
\c@liststop=\count423
\c@citecount=\count424
\c@citetotal=\count425
\c@multicitecount=\count426
\c@multicitetotal=\count427
\c@instcount=\count428
\c@maxnames=\count429
\c@minnames=\count430
\c@maxitems=\count431
\c@minitems=\count432
\c@citecounter=\count433
\c@maxcitecounter=\count434
\c@savedcitecounter=\count435
\c@uniquelist=\count436
\c@uniquename=\count437
\c@refsection=\count438
\c@refsegment=\count439
\c@maxextratitle=\count440
\c@maxextratitleyear=\count441
\c@maxextraname=\count442
\c@maxextradate=\count443
\c@maxextraalpha=\count444
\c@abbrvpenalty=\count445
\c@highnamepenalty=\count446
\c@lownamepenalty=\count447
\c@maxparens=\count448
\c@parenlevel=\count449
\blx@tempcnta=\count450
\blx@tempcntb=\count451
\blx@tempcntc=\count452
\c@blx@maxsection=\count453
\blx@maxsegment@0=\count454
\blx@notetype=\count455
\blx@parenlevel@text=\count456
\blx@parenlevel@foot=\count457
\blx@sectionciteorder@0=\count458
\blx@sectionciteorderinternal@0=\count459
\blx@entrysetcounter=\count460
\blx@biblioinstance=\count461
\labelnumberwidth=\skip81
\labelalphawidth=\skip82
\biblabelsep=\skip83
\bibitemsep=\skip84
\bibnamesep=\skip85
\bibinitsep=\skip86
\bibparsep=\skip87
\bibhang=\skip88
\blx@bcfin=\read4
\blx@bcfout=\write4
\blx@langwohyphens=\language80
\c@mincomprange=\count462
\c@maxcomprange=\count463
\c@mincompwidth=\count464
Package biblatex Info: Trying to load biblatex default data model...
Package biblatex Info: ... file 'blx-dm.def' found.

(C:\Program Files\MiKTeX\tex/latex/biblatex\blx-dm.def
File: blx-dm.def 2025/07/10 v3.21 biblatex datamodel (PK/MW)
)
Package biblatex Info: Trying to load biblatex style data model...
Package biblatex Info: ... file 'numeric-comp.dbx' not found.
Package biblatex Info: Trying to load biblatex custom data model...
Package biblatex Info: ... file 'biblatex-dm.cfg' not found.
\c@afterword=\count465
\c@savedafterword=\count466
\c@annotator=\count467
\c@savedannotator=\count468
\c@author=\count469
\c@savedauthor=\count470
\c@bookauthor=\count471
\c@savedbookauthor=\count472
\c@commentator=\count473
\c@savedcommentator=\count474
\c@editor=\count475
\c@savededitor=\count476
\c@editora=\count477
\c@savededitora=\count478
\c@editorb=\count479
\c@savededitorb=\count480
\c@editorc=\count481
\c@savededitorc=\count482
\c@foreword=\count483
\c@savedforeword=\count484
\c@holder=\count485
\c@savedholder=\count486
\c@introduction=\count487
\c@savedintroduction=\count488
\c@namea=\count489
\c@savednamea=\count490
\c@nameb=\count491
\c@savednameb=\count492
\c@namec=\count493
\c@savednamec=\count494
\c@translator=\count495
\c@savedtranslator=\count496
\c@shortauthor=\count497
\c@savedshortauthor=\count498
\c@shorteditor=\count499
\c@savedshorteditor=\count500
\c@labelname=\count501
\c@savedlabelname=\count502
\c@institution=\count503
\c@savedinstitution=\count504
\c@lista=\count505
\c@savedlista=\count506
\c@listb=\count507
\c@savedlistb=\count508
\c@listc=\count509
\c@savedlistc=\count510
\c@listd=\count511
\c@savedlistd=\count512
\c@liste=\count513
\c@savedliste=\count514
\c@listf=\count515
\c@savedlistf=\count516
\c@location=\count517
\c@savedlocation=\count518
\c@organization=\count519
\c@savedorganization=\count520
\c@origlocation=\count521
\c@savedoriglocation=\count522
\c@origpublisher=\count523
\c@savedorigpublisher=\count524
\c@publisher=\count525
\c@savedpublisher=\count526
\c@language=\count527
\c@savedlanguage=\count528
\c@origlanguage=\count529
\c@savedoriglanguage=\count530
\c@pageref=\count531
\c@savedpageref=\count532
\shorthandwidth=\skip89
\shortjournalwidth=\skip90
\shortserieswidth=\skip91
\shorttitlewidth=\skip92
\shortauthorwidth=\skip93
\shorteditorwidth=\skip94
\locallabelnumberwidth=\skip95
\locallabelalphawidth=\skip96
\localshorthandwidth=\skip97
\localshortjournalwidth=\skip98
\localshortserieswidth=\skip99
\localshorttitlewidth=\skip100
\localshortauthorwidth=\skip101
\localshorteditorwidth=\skip102
Package biblatex Info: Trying to load compatibility code...
Package biblatex Info: ... file 'blx-compat.def' found.

(C:\Program Files\MiKTeX\tex/latex/biblatex\blx-compat.def
File: blx-compat.def 2025/07/10 v3.21 biblatex compatibility (PK/MW)
)
Package biblatex Info: Trying to load generic definitions...
Package biblatex Info: ... file 'biblatex.def' found.

(C:\Program Files\MiKTeX\tex/latex/biblatex\biblatex.def
File: biblatex.def 2025/07/10 v3.21 biblatex compatibility (PK/MW)
\c@textcitecount=\count533
\c@textcitetotal=\count534
\c@textcitemaxnames=\count535
\c@biburlbigbreakpenalty=\count536
\c@biburlbreakpenalty=\count537
\c@biburlnumpenalty=\count538
\c@biburlucpenalty=\count539
\c@biburllcpenalty=\count540
\biburlbigskip=\muskip19
\biburlnumskip=\muskip20
\biburlucskip=\muskip21
\biburllcskip=\muskip22
\c@smartand=\count541
)
Package biblatex Info: Trying to load bibliography style 'numeric-comp'...
Package biblatex Info: ... file 'numeric-comp.bbx' found.

(C:\Program Files\MiKTeX\tex/latex/biblatex/bbx\numeric-comp.bbx
File: numeric-comp.bbx 2025/07/10 v3.21 biblatex bibliography style (PK/MW)
Package biblatex Info: Trying to load bibliography style 'numeric'...
Package biblatex Info: ... file 'numeric.bbx' found.

(C:\Program Files\MiKTeX\tex/latex/biblatex/bbx\numeric.bbx
File: numeric.bbx 2025/07/10 v3.21 biblatex bibliography style (PK/MW)
Package biblatex Info: Trying to load bibliography style 'standard'...
Package biblatex Info: ... file 'standard.bbx' found.

(C:\Program Files\MiKTeX\tex/latex/biblatex/bbx\standard.bbx
File: standard.bbx 2025/07/10 v3.21 biblatex bibliography style (PK/MW)
\c@bbx:relatedcount=\count542
\c@bbx:relatedtotal=\count543
)))
Package biblatex Info: Trying to load citation style 'numeric-comp'...
Package biblatex Info: ... file 'numeric-comp.cbx' found.

(C:\Program Files\MiKTeX\tex/latex/biblatex/cbx\numeric-comp.cbx
File: numeric-comp.cbx 2025/07/10 v3.21 biblatex citation style (PK/MW)
\c@cbx@tempcnta=\count544
\c@cbx@tempcntb=\count545
\c@cbx@tempcntc=\count546
\c@cbx@tempcntd=\count547
Package biblatex Info: Redefining '\cite'.
Package biblatex Info: Redefining '\parencite'.
Package biblatex Info: Redefining '\footcite'.
Package biblatex Info: Redefining '\footcitetext'.
Package biblatex Info: Redefining '\smartcite'.
Package biblatex Info: Redefining '\supercite'.
Package biblatex Info: Redefining '\textcite'.
Package biblatex Info: Redefining '\textcites'.
Package biblatex Info: Redefining '\cites'.
Package biblatex Info: Redefining '\parencites'.
Package biblatex Info: Redefining '\smartcites'.
)
Package biblatex Info: Trying to load configuration file...
Package biblatex Info: ... file 'biblatex.cfg' found.

(C:\Program Files\MiKTeX\tex/latex/biblatex\biblatex.cfg
File: biblatex.cfg 
)
Package biblatex Info: Input encoding 'utf8' detected.
Package biblatex Info: Document encoding is UTF8 ....

(C:\Program Files\MiKTeX\tex/latex/l3kernel\expl3.sty
Package: expl3 2026-06-18 L3 programming layer (loader) 

(C:\Program Files\MiKTeX\tex/latex/l3backend\l3backend-pdftex.def
File: l3backend-pdftex.def 2026-02-18 L3 backend support: PDF output (pdfTeX)
\l__color_backend_stack_int=\count548
))
Package biblatex Info: ... and expl3
(biblatex)             2026-06-18 L3 programming layer (loader) 
(biblatex)             is new enough (at least 2020/04/06),
(biblatex)             setting 'casechanger=expl3'.

(C:\Program Files\MiKTeX\tex/latex/biblatex\blx-case-expl3.sty
(C:\Program Files\MiKTeX\tex/latex/l3packages/xparse\xparse.sty
Package: xparse 2025-10-09 L3 Experimental document command parser
)
Package: blx-case-expl3 2025/07/10 v3.21 expl3 case changing code for biblatex
))
(C:\Program Files\MiKTeX\tex/latex/hyperref\hyperref.sty
Package: hyperref 2026-06-17 v7.01r Hypertext links for LaTeX

(C:\Users\aymen\AppData\Roaming\MiKTeX\tex/generic/kvdefinekeys\kvdefinekeys.st
y
Package: kvdefinekeys 2019-12-19 v1.6 Define keys (HO)
) (C:\Users\aymen\AppData\Roaming\MiKTeX\tex/generic/pdfescape\pdfescape.sty
Package: pdfescape 2019/12/09 v1.15 Implements pdfTeX's escape features (HO)
)
(C:\Users\aymen\AppData\Roaming\MiKTeX\tex/latex/hycolor\hycolor.sty
Package: hycolor 2020-01-27 v1.10 Color options for hyperref/bookmark (HO)
)
(C:\Program Files\MiKTeX\tex/latex/hyperref\nameref.sty
Package: nameref 2026-01-29 v2.58 Cross-referencing by name of section

(C:\Users\aymen\AppData\Roaming\MiKTeX\tex/latex/refcount\refcount.sty
Package: refcount 2019/12/15 v3.6 Data extraction from label references (HO)
)
(C:\Users\aymen\AppData\Roaming\MiKTeX\tex/generic/gettitlestring\gettitlestrin
g.sty
Package: gettitlestring 2019/12/15 v1.6 Cleanup title references (HO)
)
\c@section@level=\count549
)
(C:\Users\aymen\AppData\Roaming\MiKTeX\tex/generic/stringenc\stringenc.sty
Package: stringenc 2019/11/29 v1.12 Convert strings between diff. encodings (HO
)
)
\@linkdim=\dimen345
\Hy@linkcounter=\count550
\Hy@pagecounter=\count551

(C:\Program Files\MiKTeX\tex/latex/hyperref\pd1enc.def
File: pd1enc.def 2026-06-17 v7.01r Hyperref: PDFDocEncoding definition (HO)
Now handling font encoding PD1 ...
... no UTF-8 mapping file for font encoding PD1
)
(C:\Users\aymen\AppData\Roaming\MiKTeX\tex/generic/intcalc\intcalc.sty
Package: intcalc 2019/12/15 v1.3 Expandable calculations with integers (HO)
)
\Hy@SavedSpaceFactor=\count552

(C:\Program Files\MiKTeX\tex/latex/hyperref\puenc.def
File: puenc.def 2026-06-17 v7.01r Hyperref: PDF Unicode definition (HO)
Now handling font encoding PU ...
... no UTF-8 mapping file for font encoding PU
)
Package hyperref Info: Hyper figures OFF on input line 4199.
Package hyperref Info: Link nesting OFF on input line 4204.
Package hyperref Info: Hyper index ON on input line 4207.
Package hyperref Info: Plain pages OFF on input line 4214.
Package hyperref Info: Backreferencing OFF on input line 4219.
Package hyperref Info: Implicit mode ON; LaTeX internals redefined.
Package hyperref Info: Bookmarks ON on input line 4466.
\c@Hy@tempcnt=\count553
LaTeX Info: Redefining \url on input line 4805.
\XeTeXLinkMargin=\dimen346

(C:\Users\aymen\AppData\Roaming\MiKTeX\tex/generic/bitset\bitset.sty
Package: bitset 2019/12/09 v1.3 Handle bit-vector datatype (HO)

(C:\Users\aymen\AppData\Roaming\MiKTeX\tex/generic/bigintcalc\bigintcalc.sty
Package: bigintcalc 2019/12/15 v1.5 Expandable calculations on big integers (HO
)
))
\Fld@menulength=\count554
\Field@Width=\dimen347
\Fld@charsize=\dimen348
Package hyperref Info: Hyper figures OFF on input line 6091.
Package hyperref Info: Link nesting OFF on input line 6096.
Package hyperref Info: Hyper index ON on input line 6099.
Package hyperref Info: backreferencing OFF on input line 6106.
Package hyperref Info: Link coloring OFF on input line 6111.
Package hyperref Info: Link coloring with OCG OFF on input line 6116.
Package hyperref Info: PDF/A mode OFF on input line 6121.
\Hy@abspage=\count555
\c@Item=\count556
\c@Hfootnote=\count557
)
Package hyperref Info: Driver (autodetected): hpdftex.
(C:\Program Files\MiKTeX\tex/latex/hyperref\hpdftex.def
File: hpdftex.def 2026-06-17 v7.01r Hyperref driver for pdfTeX
\Fld@listcount=\count558
\c@bookmark@seq@number=\count559

(C:\Users\aymen\AppData\Roaming\MiKTeX\tex/latex/rerunfilecheck\rerunfilecheck.
sty
Package: rerunfilecheck 2025-06-21 v1.11 Rerun checks for auxiliary files (HO)

(C:\Users\aymen\AppData\Roaming\MiKTeX\tex/generic/uniquecounter\uniquecounter.
sty
Package: uniquecounter 2019/12/15 v1.4 Provide unlimited unique counter (HO)
)
Package uniquecounter Info: New unique counter `rerunfilecheck' on input line 2
84.
)
\Hy@SectionHShift=\skip103
)
Package hyperref Info: Option `colorlinks' set `true' on input line 90.
 (esprit-style.tex)
Package csquotes Info: Checking for multilingual support...
Package csquotes Info: ... found 'babel' package.
Package csquotes Info: Adjusting default style.
Package csquotes Info: Redefining alias 'default' -> 'french'.
LaTeX Font Info:    Trying to load font information for T1+ptm on input line 17
6.

(C:\Users\aymen\AppData\Roaming\MiKTeX\tex/latex/psnfss\t1ptm.fd
File: t1ptm.fd 2001/06/04 font definitions for T1/ptm.
) (main.aux
Package babel Info: 'french' activates 'french' shorthands.
(babel)             Reported on input line 13.

(validation.aux) (dedicaces.aux) (remerciements.aux) (acronymes.aux)
(introduction.aux) (chapitre1.aux) (chapitre2.aux) (chapitre3.aux)
(chapitre4.aux) (chapitre5.aux) (conclusion.aux))
\openout1 = `main.aux'.

LaTeX Font Info:    Checking defaults for OML/cmm/m/it on input line 176.
LaTeX Font Info:    ... okay on input line 176.
LaTeX Font Info:    Checking defaults for OMS/cmsy/m/n on input line 176.
LaTeX Font Info:    ... okay on input line 176.
LaTeX Font Info:    Checking defaults for OT1/cmr/m/n on input line 176.
LaTeX Font Info:    ... okay on input line 176.
LaTeX Font Info:    Checking defaults for T1/cmr/m/n on input line 176.
LaTeX Font Info:    ... okay on input line 176.
LaTeX Font Info:    Checking defaults for TS1/cmr/m/n on input line 176.
LaTeX Font Info:    ... okay on input line 176.
LaTeX Font Info:    Checking defaults for OMX/cmex/m/n on input line 176.
LaTeX Font Info:    ... okay on input line 176.
LaTeX Font Info:    Checking defaults for U/cmr/m/n on input line 176.
LaTeX Font Info:    ... okay on input line 176.
LaTeX Font Info:    Checking defaults for PD1/pdf/m/n on input line 176.
LaTeX Font Info:    ... okay on input line 176.
LaTeX Font Info:    Checking defaults for PU/pdf/m/n on input line 176.
LaTeX Font Info:    ... okay on input line 176.
LaTeX Info: Redefining \degres on input line 176.

*geometry* driver: auto-detecting
*geometry* detected driver: pdftex
*geometry* verbose mode - [ preamble ] result:
* driver: pdftex
* paper: a4paper
* layout: <same size as paper>
* layoutoffset:(h,v)=(0.0pt,0.0pt)
* modes: 
* h-part:(L,W,R)=(71.13188pt, 455.24411pt, 71.13188pt)
* v-part:(T,H,B)=(91.04872pt, 668.63986pt, 85.35826pt)
* \paperwidth=597.50787pt
* \paperheight=845.04684pt
* \textwidth=455.24411pt
* \textheight=668.63986pt
* \oddsidemargin=-1.1381pt
* \evensidemargin=-1.1381pt
* \topmargin=-18.22127pt
* \headheight=12.0pt
* \headsep=25.0pt
* \topskip=12.0pt
* \footskip=30.0pt
* \marginparwidth=35.0pt
* \marginparsep=10.0pt
* \columnsep=10.0pt
* \skip\footins=10.8pt plus 4.0pt minus 2.0pt
* \hoffset=0.0pt
* \voffset=0.0pt
* \mag=1000
* \@twocolumnfalse
* \@twosidefalse
* \@mparswitchfalse
* \@reversemarginfalse
* (1in=72.27pt=25.4mm, 1cm=28.453pt)

LaTeX Info: Redefining \microtypecontext on input line 176.
Package microtype Info: Applying patch `item' on input line 176.
Package microtype Info: Applying patch `toc' on input line 176.
Package microtype Info: Applying patch `eqnum' on input line 176.
Package microtype Info: Applying patch `footnote' on input line 176.
Package microtype Info: Applying patch `verbatim' on input line 176.
LaTeX Info: Redefining \microtypesetup on input line 176.
Package microtype Info: Generating PDF output.
Package microtype Info: Character protrusion enabled (level 2).
Package microtype Info: Using default protrusion set `alltext'.
Package microtype Info: Automatic font expansion enabled (level 2),
(microtype)             stretch: 20, shrink: 20, step: 1, non-selected.
Package microtype Info: Using default expansion set `alltext-nott'.
Package microtype Info: Patching command `\showhyphens'.
Package microtype Info: No adjustment of tracking.
Package microtype Info: No adjustment of interword spacing.
Package microtype Info: No adjustment of character kerning.
(C:\Users\aymen\AppData\Roaming\MiKTeX\tex/latex/microtype\mt-ptm.cfg
File: mt-ptm.cfg 2006/04/20 v1.7 microtype config. file: Times (RS)
)
(C:\Program Files\MiKTeX\tex/context/base/mkii\supp-pdf.mkii
[Loading MPS to PDF converter (version 2006.09.02).]
\scratchcounter=\count560
\scratchdimen=\dimen349
\scratchbox=\box111
\nofMPsegments=\count561
\nofMParguments=\count562
\everyMPshowfont=\toks52
\MPscratchCnt=\count563
\MPscratchDim=\dimen350
\MPnumerator=\count564
\makeMPintoPDFobject=\count565
\everyMPtoPDFconversion=\toks53
) (C:\Program Files\MiKTeX\tex/latex/epstopdf-pkg\epstopdf-base.sty
Package: epstopdf-base 2020-01-24 v2.11 Base part for package epstopdf
Package epstopdf-base Info: Redefining graphics rule for `.eps' on input line 4
85.

(C:\Program Files\MiKTeX\tex/latex/00miktex\epstopdf-sys.cfg
File: epstopdf-sys.cfg 2021/03/18 v2.0 Configuration of epstopdf for MiKTeX
))
Package caption Info: Begin \AtBeginDocument code.
Package caption Info: hyperref package is loaded.
Package caption Info: listings package is loaded.
Package caption Info: longtable package is loaded.

(C:\Users\aymen\AppData\Roaming\MiKTeX\tex/latex/caption\ltcaption.sty
Package: ltcaption 2021/01/08 v1.4c longtable captions (AR)
)
Package caption Info: End \AtBeginDocument code.

(C:\Users\aymen\AppData\Roaming\MiKTeX\tex/latex/translations/dicts\translation
s-basic-dictionary-french.trsl
File: translations-basic-dictionary-french.trsl (french translation file `trans
lations-basic-dictionary')
)
Package translations Info: loading dictionary `translations-basic-dictionary' f
or `french'. on input line 176.
\c@lstlisting=\count566
Package biblatex Info: Trying to load language 'french'...
Package biblatex Info: ... file 'french.lbx' found.

(C:\Program Files\MiKTeX\tex/latex/biblatex/lbx\french.lbx
File: french.lbx 2025/07/10 v3.21 biblatex localization (PK/MW)
)
Package biblatex Info: Input encoding 'utf8' detected.
Package biblatex Info: Automatic encoding selection.
(biblatex)             Assuming data encoding 'utf8'.
\openout4 = `main.bcf'.

Package biblatex Info: Trying to load bibliographic data...
Package biblatex Info: ... file 'main.bbl' found.
 (main.bbl)
Package biblatex Info: Reference section=0 on input line 176.
Package biblatex Info: Reference segment=0 on input line 176.
Package hyperref Info: Link coloring ON on input line 176.

(main.out) (main.out)
\@outlinefile=\write5
\openout5 = `main.out'.

Package babel Info: Main language set to 'french'.
<images/logo_esprit.png, id=695, 1192.455pt x 597.23125pt>
File: images/logo_esprit.png Graphic file (type png)
<use images/logo_esprit.png>
Package pdftex.def Info: images/logo_esprit.png  used on input line 190.
(pdftex.def)             Requested size: 191.20169pt x 95.75943pt.

(C:\Users\aymen\AppData\Roaming\MiKTeX\tex/latex/microtype\mt-cmr.cfg
File: mt-cmr.cfg 2013/05/19 v2.2 microtype config. file: Computer Modern Roman 
(RS)
)
LaTeX Font Info:    Trying to load font information for U+msa on input line 190
.

(C:\Program Files\MiKTeX\tex/latex/amsfonts\umsa.fd
File: umsa.fd 2013/01/14 v3.01 AMS symbols A
)
(C:\Users\aymen\AppData\Roaming\MiKTeX\tex/latex/microtype\mt-msa.cfg
File: mt-msa.cfg 2006/02/04 v1.1 microtype config. file: AMS symbols (a) (RS)
)
LaTeX Font Info:    Trying to load font information for U+msb on input line 190
.

(C:\Program Files\MiKTeX\tex/latex/amsfonts\umsb.fd
File: umsb.fd 2013/01/14 v3.01 AMS symbols B
)
(C:\Users\aymen\AppData\Roaming\MiKTeX\tex/latex/microtype\mt-msb.cfg
File: mt-msb.cfg 2005/06/01 v1.0 microtype config. file: AMS symbols (b) (RS)
)
<images/cni_logo.jpg, id=697, 225.84375pt x 112.92188pt>
File: images/cni_logo.jpg Graphic file (type jpg)
<use images/cni_logo.jpg>
Package pdftex.def Info: images/cni_logo.jpg  used on input line 190.
(pdftex.def)             Requested size: 72.84071pt x 36.42003pt.
 [1

{C:/Users/aymen/AppData/Local/MiKTeX/fonts/map/pdftex/pdftex.map}{C:/Program Fi
les/MiKTeX/fonts/enc/dvips/base/8r.enc} <./images/logo_esprit.png> <./images/cn
i_logo.jpg>]
\openout2 = `validation.aux'.

 (validation.tex)
File: images/logo_esprit.png Graphic file (type png)
<use images/logo_esprit.png>
Package pdftex.def Info: images/logo_esprit.png  used on input line 201.
(pdftex.def)             Requested size: 51.1108pt x 25.60747pt.
 [2



]
\openout2 = `dedicaces.aux'.

 (dedicaces.tex)
File: images/logo_esprit.png Graphic file (type png)
<use images/logo_esprit.png>
Package pdftex.def Info: images/logo_esprit.png  used on input line 202.
(pdftex.def)             Requested size: 51.1108pt x 25.60747pt.
 [3




]
\openout2 = `remerciements.aux'.

 (remerciements.tex)
File: images/logo_esprit.png Graphic file (type png)
<use images/logo_esprit.png>
Package pdftex.def Info: images/logo_esprit.png  used on input line 203.
(pdftex.def)             Requested size: 51.1108pt x 25.60747pt.
 [4




]
(main.toc
File: images/logo_esprit.png Graphic file (type png)
<use images/logo_esprit.png>
Package pdftex.def Info: images/logo_esprit.png  used on input line 40.
(pdftex.def)             Requested size: 51.1108pt x 25.60747pt.
 [5



]
File: images/logo_esprit.png Graphic file (type png)
<use images/logo_esprit.png>
Package pdftex.def Info: images/logo_esprit.png  used on input line 100.
(pdftex.def)             Requested size: 51.1108pt x 25.60747pt.
 [6]
File: images/logo_esprit.png Graphic file (type png)
<use images/logo_esprit.png>
Package pdftex.def Info: images/logo_esprit.png  used on input line 167.
(pdftex.def)             Requested size: 51.1108pt x 25.60747pt.
 [7])
\tf@toc=\write6
\openout6 = `main.toc'.

File: images/logo_esprit.png Graphic file (type png)
<use images/logo_esprit.png>
Package pdftex.def Info: images/logo_esprit.png  used on input line 206.
(pdftex.def)             Requested size: 51.1108pt x 25.60747pt.
 [8] (main.lof
File: images/logo_esprit.png Graphic file (type png)
<use images/logo_esprit.png>
Package pdftex.def Info: images/logo_esprit.png  used on input line 46.
(pdftex.def)             Requested size: 51.1108pt x 25.60747pt.
 [9


])
\tf@lof=\write7
\openout7 = `main.lof'.

File: images/logo_esprit.png Graphic file (type png)
<use images/logo_esprit.png>
Package pdftex.def Info: images/logo_esprit.png  used on input line 209.
(pdftex.def)             Requested size: 51.1108pt x 25.60747pt.
 [10] (main.lot
File: images/logo_esprit.png Graphic file (type png)
<use images/logo_esprit.png>
Package pdftex.def Info: images/logo_esprit.png  used on input line 47.
(pdftex.def)             Requested size: 51.1108pt x 25.60747pt.
 [11


])
\tf@lot=\write8
\openout8 = `main.lot'.

File: images/logo_esprit.png Graphic file (type png)
<use images/logo_esprit.png>
Package pdftex.def Info: images/logo_esprit.png  used on input line 212.
(pdftex.def)             Requested size: 51.1108pt x 25.60747pt.
 [12]
\openout2 = `acronymes.aux'.


(acronymes.tex
File: images/logo_esprit.png Graphic file (type png)
<use images/logo_esprit.png>
Package pdftex.def Info: images/logo_esprit.png  used on input line 83.
(pdftex.def)             Requested size: 51.1108pt x 25.60747pt.
 [13



])
File: images/logo_esprit.png Graphic file (type png)
<use images/logo_esprit.png>
Package pdftex.def Info: images/logo_esprit.png  used on input line 214.
(pdftex.def)             Requested size: 51.1108pt x 25.60747pt.
 [14]
\openout2 = `introduction.aux'.

 (introduction.tex)
File: images/logo_esprit.png Graphic file (type png)
<use images/logo_esprit.png>
Package pdftex.def Info: images/logo_esprit.png  used on input line 219.
(pdftex.def)             Requested size: 51.1108pt x 25.60747pt.
 [15




]
\openout2 = `chapitre1.aux'.

 (chapitre1.tex
Chapitre 1.

Overfull \hbox (36.45169pt too wide) in paragraph at lines 79--81
 [][] 
 []


LaTeX Font Warning: Font shape `T1/ptm/m/scit' undefined
(Font)              using `T1/ptm/m/sc' instead on input line 81.


LaTeX Font Warning: Font shape `T1/ptm/m/scit' undefined
(Font)              using `T1/ptm/m/sc' instead on input line 81.

File: images/logo_esprit.png Graphic file (type png)
<use images/logo_esprit.png>
Package pdftex.def Info: images/logo_esprit.png  used on input line 91.
(pdftex.def)             Requested size: 51.1108pt x 25.60747pt.
[16




]
LaTeX Font Info:    Trying to load font information for TS1+ptm on input line 9
1.
 (C:\Users\aymen\AppData\Roaming\MiKTeX\tex/latex/psnfss\ts1ptm.fd
File: ts1ptm.fd 2001/06/04 font definitions for TS1/ptm.
)
File: images/logo_esprit.png Graphic file (type png)
<use images/logo_esprit.png>
Package pdftex.def Info: images/logo_esprit.png  used on input line 177.
(pdftex.def)             Requested size: 51.1108pt x 25.60747pt.

[17]

LaTeX Font Warning: Font shape `T1/ptm/m/scit' undefined
(Font)              using `T1/ptm/m/sc' instead on input line 252.


LaTeX Font Warning: Font shape `T1/ptm/m/scit' undefined
(Font)              using `T1/ptm/m/sc' instead on input line 252.

File: images/logo_esprit.png Graphic file (type png)
<use images/logo_esprit.png>
Package pdftex.def Info: images/logo_esprit.png  used on input line 264.
(pdftex.def)             Requested size: 51.1108pt x 25.60747pt.
[18]
<images/polysomnogramme.png, id=1179, 788.82706pt x 317.988pt>
File: images/polysomnogramme.png Graphic file (type png)
<use images/polysomnogramme.png>
Package pdftex.def Info: images/polysomnogramme.png  used on input line 267.
(pdftex.def)             Requested size: 455.24411pt x 183.51611pt.


LaTeX Font Warning: Font shape `T1/ptm/m/scit' undefined
(Font)              using `T1/ptm/m/sc' instead on input line 272.


LaTeX Font Warning: Font shape `T1/ptm/m/scit' undefined
(Font)              using `T1/ptm/m/sc' instead on input line 272.

File: images/logo_esprit.png Graphic file (type png)
<use images/logo_esprit.png>
Package pdftex.def Info: images/logo_esprit.png  used on input line 311.
(pdftex.def)             Requested size: 51.1108pt x 25.60747pt.
[19 <./images/polysomnogramme.png>]
File: images/logo_esprit.png Graphic file (type png)
<use images/logo_esprit.png>
Package pdftex.def Info: images/logo_esprit.png  used on input line 381.
(pdftex.def)             Requested size: 51.1108pt x 25.60747pt.
 [20]
<images/logos/noxturnal.png, id=1209, 227.85126pt x 37.64063pt>
File: images/logos/noxturnal.png Graphic file (type png)
<use images/logos/noxturnal.png>
Package pdftex.def Info: images/logos/noxturnal.png  used on input line 437.
(pdftex.def)             Requested size: 56.90356pt x 9.40036pt.
<images/logos/sleepware.png, id=1210, 963.6pt x 192.72pt>
File: images/logos/sleepware.png Graphic file (type png)
<use images/logos/sleepware.png>
Package pdftex.def Info: images/logos/sleepware.png  used on input line 440.
(pdftex.def)             Requested size: 56.90189pt x 11.38037pt.
<images/logos/profusion.png, id=1211, 1552.80125pt x 263.98625pt>
File: images/logos/profusion.png Graphic file (type png)
<use images/logos/profusion.png>
Package pdftex.def Info: images/logos/profusion.png  used on input line 443.
(pdftex.def)             Requested size: 56.88882pt x 9.67146pt.
<images/logos/sleepworks.png, id=1212, 1215.54124pt x 375.4025pt>
File: images/logos/sleepworks.png Graphic file (type png)
<use images/logos/sleepworks.png>
Package pdftex.def Info: images/logos/sleepworks.png  used on input line 446.
(pdftex.def)             Requested size: 56.90416pt x 17.57404pt.
<images/logos/ensosleep.png, id=1213, 894.34125pt x 166.6225pt>
File: images/logos/ensosleep.png Graphic file (type png)
<use images/logos/ensosleep.png>
Package pdftex.def Info: images/logos/ensosleep.png  used on input line 449.
(pdftex.def)             Requested size: 56.89238pt x 10.59947pt.
File: images/logo_esprit.png Graphic file (type png)
<use images/logo_esprit.png>
Package pdftex.def Info: images/logo_esprit.png  used on input line 456.
(pdftex.def)             Requested size: 51.1108pt x 25.60747pt.
 [21]
Overfull \hbox (3.15775pt too wide) in paragraph at lines 508--508
[]|\T1/ptm/m/n/10.95 (-20) SleepTransformer [[][]13[][]]|  
 []

File: images/logo_esprit.png Graphic file (type png)
<use images/logo_esprit.png>
Package pdftex.def Info: images/logo_esprit.png  used on input line 518.
(pdftex.def)             Requested size: 51.1108pt x 25.60747pt.
[22 <./images/logos/noxturnal.png> <./images/logos/sleepware.png> <./images/log
os/profusion.png (PNG copy)> <./images/logos/sleepworks.png> <./images/logos/en
sosleep.png>]
File: images/logo_esprit.png Graphic file (type png)
<use images/logo_esprit.png>
Package pdftex.def Info: images/logo_esprit.png  used on input line 566.
(pdftex.def)             Requested size: 51.1108pt x 25.60747pt.
 [23]
File: images/logo_esprit.png Graphic file (type png)
<use images/logo_esprit.png>
Package pdftex.def Info: images/logo_esprit.png  used on input line 631.
(pdftex.def)             Requested size: 51.1108pt x 25.60747pt.
 [24]

LaTeX Font Warning: Font shape `T1/ptm/m/scit' undefined
(Font)              using `T1/ptm/m/sc' instead on input line 682.


LaTeX Font Warning: Font shape `T1/ptm/m/scit' undefined
(Font)              using `T1/ptm/m/sc' instead on input line 682.

)
File: images/logo_esprit.png Graphic file (type png)
<use images/logo_esprit.png>
Package pdftex.def Info: images/logo_esprit.png  used on input line 221.
(pdftex.def)             Requested size: 51.1108pt x 25.60747pt.
 [25]
\openout2 = `chapitre2.aux'.

 (chapitre2.tex
Chapitre 2.
File: images/logo_esprit.png Graphic file (type png)
<use images/logo_esprit.png>
Package pdftex.def Info: images/logo_esprit.png  used on input line 69.
(pdftex.def)             Requested size: 51.1108pt x 25.60747pt.
[26




]
File: images/logo_esprit.png Graphic file (type png)
<use images/logo_esprit.png>
Package pdftex.def Info: images/logo_esprit.png  used on input line 172.
(pdftex.def)             Requested size: 51.1108pt x 25.60747pt.
 [27]

LaTeX Font Warning: Font shape `T1/ptm/m/scit' undefined
(Font)              using `T1/ptm/m/sc' instead on input line 244.


LaTeX Font Warning: Font shape `T1/ptm/m/scit' undefined
(Font)              using `T1/ptm/m/sc' instead on input line 244.


LaTeX Font Warning: Font shape `T1/ptm/m/scit' undefined
(Font)              using `T1/ptm/m/sc' instead on input line 244.


LaTeX Font Warning: Font shape `T1/ptm/m/scit' undefined
(Font)              using `T1/ptm/m/sc' instead on input line 244.

File: images/logo_esprit.png Graphic file (type png)
<use images/logo_esprit.png>
Package pdftex.def Info: images/logo_esprit.png  used on input line 247.
(pdftex.def)             Requested size: 51.1108pt x 25.60747pt.
[28]

LaTeX Font Warning: Font shape `T1/ptm/m/scit' undefined
(Font)              using `T1/ptm/m/sc' instead on input line 317.


LaTeX Font Warning: Font shape `T1/ptm/m/scit' undefined
(Font)              using `T1/ptm/m/sc' instead on input line 317.

File: images/logo_esprit.png Graphic file (type png)
<use images/logo_esprit.png>
Package pdftex.def Info: images/logo_esprit.png  used on input line 320.
(pdftex.def)             Requested size: 51.1108pt x 25.60747pt.
[29]
File: images/logo_esprit.png Graphic file (type png)
<use images/logo_esprit.png>
Package pdftex.def Info: images/logo_esprit.png  used on input line 371.
(pdftex.def)             Requested size: 51.1108pt x 25.60747pt.
 [30]
File: images/logo_esprit.png Graphic file (type png)
<use images/logo_esprit.png>
Package pdftex.def Info: images/logo_esprit.png  used on input line 416.
(pdftex.def)             Requested size: 51.1108pt x 25.60747pt.
 [31]
File: images/logo_esprit.png Graphic file (type png)
<use images/logo_esprit.png>
Package pdftex.def Info: images/logo_esprit.png  used on input line 555.
(pdftex.def)             Requested size: 51.1108pt x 25.60747pt.
 [32]
File: images/logo_esprit.png Graphic file (type png)
<use images/logo_esprit.png>
Package pdftex.def Info: images/logo_esprit.png  used on input line 555.
(pdftex.def)             Requested size: 51.1108pt x 25.60747pt.
 [33]
File: images/logo_esprit.png Graphic file (type png)
<use images/logo_esprit.png>
Package pdftex.def Info: images/logo_esprit.png  used on input line 555.
(pdftex.def)             Requested size: 51.1108pt x 25.60747pt.
 [34]

LaTeX Font Warning: Font shape `T1/ptm/m/scit' undefined
(Font)              using `T1/ptm/m/sc' instead on input line 720.


LaTeX Font Warning: Font shape `T1/ptm/m/scit' undefined
(Font)              using `T1/ptm/m/sc' instead on input line 720.

LaTeX Font Info:    Trying to load font information for T1+pcr on input line 73
3.
(C:\Users\aymen\AppData\Roaming\MiKTeX\tex/latex/psnfss\t1pcr.fd
File: t1pcr.fd 2001/06/04 font definitions for T1/pcr.
)
Package microtype Info: Loading generic protrusion settings for font family
(microtype)             `pcr' (encoding: T1).
(microtype)             For optimal results, create family-specific settings.
(microtype)             See the microtype manual for details.

Underfull \hbox (badness 1629) in paragraph at lines 735--736
[]\T1/pcr/m/n/10 users ($[]$, email, hashed_password, role, first_name, last_na
me, 
 []


Underfull \hbox (badness 4048) in paragraph at lines 739--740
[]\T1/pcr/m/n/10 psgs ($[]$, #patient_id, date, severity, report_data, edf_url,
 
 []


Underfull \hbox (badness 4168) in paragraph at lines 744--745
[]\T1/pcr/m/n/10 file_conversations ($[]$, #psg_id, file_type, #doctor_one_id, 

 []


LaTeX Font Warning: Font shape `T1/ptm/m/scit' undefined
(Font)              using `T1/ptm/m/sc' instead on input line 756.


LaTeX Font Warning: Font shape `T1/ptm/m/scit' undefined
(Font)              using `T1/ptm/m/sc' instead on input line 756.

File: images/logo_esprit.png Graphic file (type png)
<use images/logo_esprit.png>
Package pdftex.def Info: images/logo_esprit.png  used on input line 758.
(pdftex.def)             Requested size: 51.1108pt x 25.60747pt.
[35]
File: images/logo_esprit.png Graphic file (type png)
<use images/logo_esprit.png>
Package pdftex.def Info: images/logo_esprit.png  used on input line 816.
(pdftex.def)             Requested size: 51.1108pt x 25.60747pt.
 [36]
File: images/logo_esprit.png Graphic file (type png)
<use images/logo_esprit.png>
Package pdftex.def Info: images/logo_esprit.png  used on input line 850.
(pdftex.def)             Requested size: 51.1108pt x 25.60747pt.
 [37]

LaTeX Font Warning: Font shape `T1/ptm/m/scit' undefined
(Font)              using `T1/ptm/m/sc' instead on input line 922.


LaTeX Font Warning: Font shape `T1/ptm/m/scit' undefined
(Font)              using `T1/ptm/m/sc' instead on input line 922.

File: images/logo_esprit.png Graphic file (type png)
<use images/logo_esprit.png>
Package pdftex.def Info: images/logo_esprit.png  used on input line 963.
(pdftex.def)             Requested size: 51.1108pt x 25.60747pt.
[38]
<images/architecture.jpeg, id=1373, 687.56876pt x 1606.0pt>
File: images/architecture.jpeg Graphic file (type jpg)
<use images/architecture.jpeg>
Package pdftex.def Info: images/architecture.jpeg  used on input line 988.
(pdftex.def)             Requested size: 223.28934pt x 521.53827pt.


LaTeX Font Warning: Font shape `T1/ptm/m/scit' undefined
(Font)              using `T1/ptm/m/sc' instead on input line 991.


LaTeX Font Warning: Font shape `T1/ptm/m/scit' undefined
(Font)              using `T1/ptm/m/sc' instead on input line 991.

File: images/logo_esprit.png Graphic file (type png)
<use images/logo_esprit.png>
Package pdftex.def Info: images/logo_esprit.png  used on input line 994.
(pdftex.def)             Requested size: 51.1108pt x 25.60747pt.
[39]

LaTeX Font Warning: Font shape `T1/ptm/m/scit' undefined
(Font)              using `T1/ptm/m/sc' instead on input line 1043.


LaTeX Font Warning: Font shape `T1/ptm/m/scit' undefined
(Font)              using `T1/ptm/m/sc' instead on input line 1043.

File: images/logo_esprit.png Graphic file (type png)
<use images/logo_esprit.png>
Package pdftex.def Info: images/logo_esprit.png  used on input line 1046.
(pdftex.def)             Requested size: 51.1108pt x 25.60747pt.
[40 <./images/architecture.jpeg>]

LaTeX Font Warning: Font shape `T1/ptm/m/scit' undefined
(Font)              using `T1/ptm/m/sc' instead on input line 1141.


LaTeX Font Warning: Font shape `T1/ptm/m/scit' undefined
(Font)              using `T1/ptm/m/sc' instead on input line 1141.

File: images/logo_esprit.png Graphic file (type png)
<use images/logo_esprit.png>
Package pdftex.def Info: images/logo_esprit.png  used on input line 1144.
(pdftex.def)             Requested size: 51.1108pt x 25.60747pt.
[41]
File: images/logo_esprit.png Graphic file (type png)
<use images/logo_esprit.png>
Package pdftex.def Info: images/logo_esprit.png  used on input line 1194.
(pdftex.def)             Requested size: 51.1108pt x 25.60747pt.
 [42]

LaTeX Font Warning: Font shape `T1/ptm/m/scit' undefined
(Font)              using `T1/ptm/m/sc' instead on input line 1254.


LaTeX Font Warning: Font shape `T1/ptm/m/scit' undefined
(Font)              using `T1/ptm/m/sc' instead on input line 1254.

File: images/logo_esprit.png Graphic file (type png)
<use images/logo_esprit.png>
Package pdftex.def Info: images/logo_esprit.png  used on input line 1257.
(pdftex.def)             Requested size: 51.1108pt x 25.60747pt.
[43]

LaTeX Font Warning: Font shape `T1/ptm/m/scit' undefined
(Font)              using `T1/ptm/m/sc' instead on input line 1325.


LaTeX Font Warning: Font shape `T1/ptm/m/scit' undefined
(Font)              using `T1/ptm/m/sc' instead on input line 1325.

File: images/logo_esprit.png Graphic file (type png)
<use images/logo_esprit.png>
Package pdftex.def Info: images/logo_esprit.png  used on input line 1336.
(pdftex.def)             Requested size: 51.1108pt x 25.60747pt.
[44])
File: images/logo_esprit.png Graphic file (type png)
<use images/logo_esprit.png>
Package pdftex.def Info: images/logo_esprit.png  used on input line 222.
(pdftex.def)             Requested size: 51.1108pt x 25.60747pt.
 [45]
\openout2 = `chapitre3.aux'.

 (chapitre3.tex
Chapitre 3.
File: images/logo_esprit.png Graphic file (type png)
<use images/logo_esprit.png>
Package pdftex.def Info: images/logo_esprit.png  used on input line 75.
(pdftex.def)             Requested size: 51.1108pt x 25.60747pt.
[46




]
Overfull \vbox (8.60234pt too high) detected at line 110
 []


Overfull \vbox (8.60234pt too high) detected at line 114
 []


Overfull \vbox (8.60234pt too high) detected at line 123
 []

File: images/logo_esprit.png Graphic file (type png)
<use images/logo_esprit.png>
Package pdftex.def Info: images/logo_esprit.png  used on input line 131.
(pdftex.def)             Requested size: 51.1108pt x 25.60747pt.
[47]

LaTeX Font Warning: Font shape `T1/ptm/m/scit' undefined
(Font)              using `T1/ptm/m/sc' instead on input line 195.


LaTeX Font Warning: Font shape `T1/ptm/m/scit' undefined
(Font)              using `T1/ptm/m/sc' instead on input line 195.

File: images/logo_esprit.png Graphic file (type png)
<use images/logo_esprit.png>
Package pdftex.def Info: images/logo_esprit.png  used on input line 198.
(pdftex.def)             Requested size: 51.1108pt x 25.60747pt.
[48]
File: images/logo_esprit.png Graphic file (type png)
<use images/logo_esprit.png>
Package pdftex.def Info: images/logo_esprit.png  used on input line 229.
(pdftex.def)             Requested size: 51.1108pt x 25.60747pt.
 [49]
\pgf@layerbox@umlsd@background=\box112
\pgf@layerboxsaved@umlsd@background=\box113
\pgf@layerbox@umlsd@threadlayer=\box114
\pgf@layerboxsaved@umlsd@threadlayer=\box115


LaTeX Font Warning: Font shape `T1/ptm/m/scit' undefined
(Font)              using `T1/ptm/m/sc' instead on input line 265.


LaTeX Font Warning: Font shape `T1/ptm/m/scit' undefined
(Font)              using `T1/ptm/m/sc' instead on input line 265.

File: images/logo_esprit.png Graphic file (type png)
<use images/logo_esprit.png>
Package pdftex.def Info: images/logo_esprit.png  used on input line 268.
(pdftex.def)             Requested size: 51.1108pt x 25.60747pt.
[50]
Overfull \hbox (58.7033pt too wide) in paragraph at lines 306--309
 [][] 
 []


LaTeX Font Warning: Font shape `T1/ptm/m/scit' undefined
(Font)              using `T1/ptm/m/sc' instead on input line 309.


LaTeX Font Warning: Font shape `T1/ptm/m/scit' undefined
(Font)              using `T1/ptm/m/sc' instead on input line 309.

File: images/logo_esprit.png Graphic file (type png)
<use images/logo_esprit.png>
Package pdftex.def Info: images/logo_esprit.png  used on input line 348.
(pdftex.def)             Requested size: 51.1108pt x 25.60747pt.
[51]

LaTeX Font Warning: Font shape `T1/ptm/m/scit' undefined
(Font)              using `T1/ptm/m/sc' instead on input line 448.


LaTeX Font Warning: Font shape `T1/ptm/m/scit' undefined
(Font)              using `T1/ptm/m/sc' instead on input line 448.

File: images/logo_esprit.png Graphic file (type png)
<use images/logo_esprit.png>
Package pdftex.def Info: images/logo_esprit.png  used on input line 466.
(pdftex.def)             Requested size: 51.1108pt x 25.60747pt.
[52]
Overfull \vbox (8.60234pt too high) detected at line 519
 []


Overfull \vbox (8.60234pt too high) detected at line 523
 []


Overfull \vbox (8.60234pt too high) detected at line 527
 []

File: images/logo_esprit.png Graphic file (type png)
<use images/logo_esprit.png>
Package pdftex.def Info: images/logo_esprit.png  used on input line 539.
(pdftex.def)             Requested size: 51.1108pt x 25.60747pt.
[53]

LaTeX Font Warning: Font shape `T1/ptm/m/scit' undefined
(Font)              using `T1/ptm/m/sc' instead on input line 596.


LaTeX Font Warning: Font shape `T1/ptm/m/scit' undefined
(Font)              using `T1/ptm/m/sc' instead on input line 596.

File: images/logo_esprit.png Graphic file (type png)
<use images/logo_esprit.png>
Package pdftex.def Info: images/logo_esprit.png  used on input line 599.
(pdftex.def)             Requested size: 51.1108pt x 25.60747pt.
[54]

LaTeX Font Warning: Font shape `T1/ptm/m/scit' undefined
(Font)              using `T1/ptm/m/sc' instead on input line 669.


LaTeX Font Warning: Font shape `T1/ptm/m/scit' undefined
(Font)              using `T1/ptm/m/sc' instead on input line 669.

File: images/logo_esprit.png Graphic file (type png)
<use images/logo_esprit.png>
Package pdftex.def Info: images/logo_esprit.png  used on input line 671.
(pdftex.def)             Requested size: 51.1108pt x 25.60747pt.
[55]
Overfull \hbox (5.48782pt too wide) in paragraph at lines 728--731
 [][] 
 []


LaTeX Font Warning: Font shape `T1/ptm/m/scit' undefined
(Font)              using `T1/ptm/m/sc' instead on input line 731.


LaTeX Font Warning: Font shape `T1/ptm/m/scit' undefined
(Font)              using `T1/ptm/m/sc' instead on input line 731.

File: images/logo_esprit.png Graphic file (type png)
<use images/logo_esprit.png>
Package pdftex.def Info: images/logo_esprit.png  used on input line 734.
(pdftex.def)             Requested size: 51.1108pt x 25.60747pt.
[56]

LaTeX Font Warning: Font shape `T1/ptm/m/scit' undefined
(Font)              using `T1/ptm/m/sc' instead on input line 782.


LaTeX Font Warning: Font shape `T1/ptm/m/scit' undefined
(Font)              using `T1/ptm/m/sc' instead on input line 782.


LaTeX Font Warning: Font shape `T1/ptm/m/scit' undefined
(Font)              using `T1/ptm/m/sc' instead on input line 830.


LaTeX Font Warning: Font shape `T1/ptm/m/scit' undefined
(Font)              using `T1/ptm/m/sc' instead on input line 830.

File: images/logo_esprit.png Graphic file (type png)
<use images/logo_esprit.png>
Package pdftex.def Info: images/logo_esprit.png  used on input line 833.
(pdftex.def)             Requested size: 51.1108pt x 25.60747pt.
[57]
File: images/logo_esprit.png Graphic file (type png)
<use images/logo_esprit.png>
Package pdftex.def Info: images/logo_esprit.png  used on input line 904.
(pdftex.def)             Requested size: 51.1108pt x 25.60747pt.
 [58]
File: images/logo_esprit.png Graphic file (type png)
<use images/logo_esprit.png>
Package pdftex.def Info: images/logo_esprit.png  used on input line 950.
(pdftex.def)             Requested size: 51.1108pt x 25.60747pt.
 [59]
<images/resultats/curves_CNN_5ch_3cls.png, id=1528, 1076.1003pt x 286.1892pt>
File: images/resultats/curves_CNN_5ch_3cls.png Graphic file (type png)
<use images/resultats/curves_CNN_5ch_3cls.png>
Package pdftex.def Info: images/resultats/curves_CNN_5ch_3cls.png  used on inpu
t line 958.
(pdftex.def)             Requested size: 455.24411pt x 121.072pt.


LaTeX Font Warning: Font shape `T1/ptm/m/scit' undefined
(Font)              using `T1/ptm/m/sc' instead on input line 962.


LaTeX Font Warning: Font shape `T1/ptm/m/scit' undefined
(Font)              using `T1/ptm/m/sc' instead on input line 962.

File: images/logo_esprit.png Graphic file (type png)
<use images/logo_esprit.png>
Package pdftex.def Info: images/logo_esprit.png  used on input line 1014.
(pdftex.def)             Requested size: 51.1108pt x 25.60747pt.
[60 <./images/resultats/curves_CNN_5ch_3cls.png>]
<images/resultats/cm_CNN_5ch_3cls.png, id=1540, 361.35pt x 289.08pt>
File: images/resultats/cm_CNN_5ch_3cls.png Graphic file (type png)
<use images/resultats/cm_CNN_5ch_3cls.png>
Package pdftex.def Info: images/resultats/cm_CNN_5ch_3cls.png  used on input li
ne 1027.
(pdftex.def)             Requested size: 147.95294pt x 118.36035pt.
<images/resultats/cm_LSTM_5ch_3cls.png, id=1541, 361.35pt x 289.08pt>
File: images/resultats/cm_LSTM_5ch_3cls.png Graphic file (type png)
<use images/resultats/cm_LSTM_5ch_3cls.png>
Package pdftex.def Info: images/resultats/cm_LSTM_5ch_3cls.png  used on input l
ine 1033.
(pdftex.def)             Requested size: 147.95294pt x 118.36035pt.
<images/resultats/cm_Transformer_5ch_3cls.png, id=1542, 361.35pt x 289.08pt>
File: images/resultats/cm_Transformer_5ch_3cls.png Graphic file (type png)
<use images/resultats/cm_Transformer_5ch_3cls.png>
Package pdftex.def Info: images/resultats/cm_Transformer_5ch_3cls.png  used on 
input line 1039.
(pdftex.def)             Requested size: 147.95294pt x 118.36035pt.


LaTeX Font Warning: Font shape `T1/ptm/m/scit' undefined
(Font)              using `T1/ptm/m/sc' instead on input line 1044.


LaTeX Font Warning: Font shape `T1/ptm/m/scit' undefined
(Font)              using `T1/ptm/m/sc' instead on input line 1044.

<images/resultats/cm_CNN_5ch_5cls.png, id=1544, 433.62pt x 361.35pt>
File: images/resultats/cm_CNN_5ch_5cls.png Graphic file (type png)
<use images/resultats/cm_CNN_5ch_5cls.png>
Package pdftex.def Info: images/resultats/cm_CNN_5ch_5cls.png  used on input li
ne 1088.
(pdftex.def)             Requested size: 327.7763pt x 273.1622pt.

LaTeX Font Warning: Font shape `T1/ptm/m/scit' undefined
(Font)              using `T1/ptm/m/sc' instead on input line 1091.


LaTeX Font Warning: Font shape `T1/ptm/m/scit' undefined
(Font)              using `T1/ptm/m/sc' instead on input line 1091.

File: images/logo_esprit.png Graphic file (type png)
<use images/logo_esprit.png>
Package pdftex.def Info: images/logo_esprit.png  used on input line 1094.
(pdftex.def)             Requested size: 51.1108pt x 25.60747pt.
[61 <./images/resultats/cm_CNN_5ch_3cls.png> <./images/resultats/cm_LSTM_5ch_3c
ls.png> <./images/resultats/cm_Transformer_5ch_3cls.png>]
File: images/logo_esprit.png Graphic file (type png)
<use images/logo_esprit.png>
Package pdftex.def Info: images/logo_esprit.png  used on input line 1159.
(pdftex.def)             Requested size: 51.1108pt x 25.60747pt.
 [62 <./images/resultats/cm_CNN_5ch_5cls.png>])
File: images/logo_esprit.png Graphic file (type png)
<use images/logo_esprit.png>
Package pdftex.def Info: images/logo_esprit.png  used on input line 223.
(pdftex.def)             Requested size: 51.1108pt x 25.60747pt.
 [63]
\openout2 = `chapitre4.aux'.

 (chapitre4.tex
Chapitre 4.
File: images/logo_esprit.png Graphic file (type png)
<use images/logo_esprit.png>
Package pdftex.def Info: images/logo_esprit.png  used on input line 76.
(pdftex.def)             Requested size: 51.1108pt x 25.60747pt.
[64




]
Overfull \vbox (8.60234pt too high) detected at line 109
 []


Overfull \vbox (8.60234pt too high) detected at line 117
 []

File: images/logo_esprit.png Graphic file (type png)
<use images/logo_esprit.png>
Package pdftex.def Info: images/logo_esprit.png  used on input line 125.
(pdftex.def)             Requested size: 51.1108pt x 25.60747pt.
[65]

LaTeX Font Warning: Font shape `T1/ptm/m/scit' undefined
(Font)              using `T1/ptm/m/sc' instead on input line 181.


LaTeX Font Warning: Font shape `T1/ptm/m/scit' undefined
(Font)              using `T1/ptm/m/sc' instead on input line 181.

File: images/logo_esprit.png Graphic file (type png)
<use images/logo_esprit.png>
Package pdftex.def Info: images/logo_esprit.png  used on input line 184.
(pdftex.def)             Requested size: 51.1108pt x 25.60747pt.
[66]
File: images/logo_esprit.png Graphic file (type png)
<use images/logo_esprit.png>
Package pdftex.def Info: images/logo_esprit.png  used on input line 220.
(pdftex.def)             Requested size: 51.1108pt x 25.60747pt.
 [67]

LaTeX Font Warning: Font shape `T1/ptm/m/scit' undefined
(Font)              using `T1/ptm/m/sc' instead on input line 250.


LaTeX Font Warning: Font shape `T1/ptm/m/scit' undefined
(Font)              using `T1/ptm/m/sc' instead on input line 250.

File: images/logo_esprit.png Graphic file (type png)
<use images/logo_esprit.png>
Package pdftex.def Info: images/logo_esprit.png  used on input line 253.
(pdftex.def)             Requested size: 51.1108pt x 25.60747pt.
[68]
Overfull \hbox (5.08676pt too wide) in paragraph at lines 286--286
 [][]\T1/ptm/m/n/10.95 (-20) Concaténation 
 []


Overfull \hbox (11.24437pt too wide) in paragraph at lines 306--310
 [][] 
 []


LaTeX Font Warning: Font shape `T1/ptm/m/scit' undefined
(Font)              using `T1/ptm/m/sc' instead on input line 310.


LaTeX Font Warning: Font shape `T1/ptm/m/scit' undefined
(Font)              using `T1/ptm/m/sc' instead on input line 310.

File: images/logo_esprit.png Graphic file (type png)
<use images/logo_esprit.png>
Package pdftex.def Info: images/logo_esprit.png  used on input line 313.
(pdftex.def)             Requested size: 51.1108pt x 25.60747pt.
[69]
File: images/logo_esprit.png Graphic file (type png)
<use images/logo_esprit.png>
Package pdftex.def Info: images/logo_esprit.png  used on input line 371.
(pdftex.def)             Requested size: 51.1108pt x 25.60747pt.
 [70]
<images/resultats/kappa_comparison_5ch_5cls.png, id=1618, 650.43pt x 289.08pt>
File: images/resultats/kappa_comparison_5ch_5cls.png Graphic file (type png)
<use images/resultats/kappa_comparison_5ch_5cls.png>
Package pdftex.def Info: images/resultats/kappa_comparison_5ch_5cls.png  used o
n input line 374.
(pdftex.def)             Requested size: 418.82375pt x 186.14859pt.


LaTeX Font Warning: Font shape `T1/ptm/m/scit' undefined
(Font)              using `T1/ptm/m/sc' instead on input line 377.


LaTeX Font Warning: Font shape `T1/ptm/m/scit' undefined
(Font)              using `T1/ptm/m/sc' instead on input line 377.

<images/resultats/cm_stacking_5ch_3cls.png, id=1619, 361.35pt x 289.08pt>
File: images/resultats/cm_stacking_5ch_3cls.png Graphic file (type png)
<use images/resultats/cm_stacking_5ch_3cls.png>
Package pdftex.def Info: images/resultats/cm_stacking_5ch_3cls.png  used on inp
ut line 383.
(pdftex.def)             Requested size: 282.24911pt x 225.79907pt.

LaTeX Font Warning: Font shape `T1/ptm/m/scit' undefined
(Font)              using `T1/ptm/m/sc' instead on input line 386.


LaTeX Font Warning: Font shape `T1/ptm/m/scit' undefined
(Font)              using `T1/ptm/m/sc' instead on input line 386.

File: images/logo_esprit.png Graphic file (type png)
<use images/logo_esprit.png>
Package pdftex.def Info: images/logo_esprit.png  used on input line 423.
(pdftex.def)             Requested size: 51.1108pt x 25.60747pt.
[71 <./images/resultats/kappa_comparison_5ch_5cls.png> <./images/resultats/cm_s
tacking_5ch_3cls.png>]

LaTeX Font Warning: Font shape `T1/ptm/m/scit' undefined
(Font)              using `T1/ptm/m/sc' instead on input line 473.


LaTeX Font Warning: Font shape `T1/ptm/m/scit' undefined
(Font)              using `T1/ptm/m/sc' instead on input line 473.

<images/resultats/feature_distributions.png, id=1630, 1582.2312pt x 640.3122pt>

File: images/resultats/feature_distributions.png Graphic file (type png)
<use images/resultats/feature_distributions.png>
Package pdftex.def Info: images/resultats/feature_distributions.png  used on in
put line 493.
(pdftex.def)             Requested size: 455.24411pt x 184.23pt.

LaTeX Font Warning: Font shape `T1/ptm/m/scit' undefined
(Font)              using `T1/ptm/m/sc' instead on input line 496.


LaTeX Font Warning: Font shape `T1/ptm/m/scit' undefined
(Font)              using `T1/ptm/m/sc' instead on input line 496.

File: images/logo_esprit.png Graphic file (type png)
<use images/logo_esprit.png>
Package pdftex.def Info: images/logo_esprit.png  used on input line 499.
(pdftex.def)             Requested size: 51.1108pt x 25.60747pt.
[72]
<images/resultats/model_comparison.png, id=1636, 642.7212pt x 352.6776pt>
File: images/resultats/model_comparison.png Graphic file (type png)
<use images/resultats/model_comparison.png>
Package pdftex.def Info: images/resultats/model_comparison.png  used on input l
ine 507.
(pdftex.def)             Requested size: 400.61703pt x 219.8256pt.


LaTeX Font Warning: Font shape `T1/ptm/m/scit' undefined
(Font)              using `T1/ptm/m/sc' instead on input line 510.


LaTeX Font Warning: Font shape `T1/ptm/m/scit' undefined
(Font)              using `T1/ptm/m/sc' instead on input line 510.


Overfull \hbox (2.22832pt too wide) in paragraph at lines 514--519
[]\T1/ptm/m/n/10 (-20) La fo-rêt aléa-toire [[][]38[][]] ob-tient le meilleur s
core ($\OT1/cmr/m/n/10 0[]558$\T1/ptm/m/n/10 (-20) ), sui-vie de près par XG-Bo
ost [[][]24[][]] ($\OT1/cmr/m/n/10 0[]552$\T1/ptm/m/n/10 (-20) ) et LightGBM [[
][]25[][]]
 []

File: images/logo_esprit.png Graphic file (type png)
<use images/logo_esprit.png>
Package pdftex.def Info: images/logo_esprit.png  used on input line 541.
(pdftex.def)             Requested size: 51.1108pt x 25.60747pt.
[73 <./images/resultats/feature_distributions.png> <./images/resultats/model_co
mparison.png>]

LaTeX Font Warning: Font shape `T1/ptm/m/scit' undefined
(Font)              using `T1/ptm/m/sc' instead on input line 600.


LaTeX Font Warning: Font shape `T1/ptm/m/scit' undefined
(Font)              using `T1/ptm/m/sc' instead on input line 600.

<images/resultats/roc_curves.png, id=1649, 1004.0712pt x 427.3566pt>
File: images/resultats/roc_curves.png Graphic file (type png)
<use images/resultats/roc_curves.png>
Package pdftex.def Info: images/resultats/roc_curves.png  used on input line 61
1.
(pdftex.def)             Requested size: 455.24411pt x 193.76285pt.

LaTeX Font Warning: Font shape `T1/ptm/m/scit' undefined
(Font)              using `T1/ptm/m/sc' instead on input line 613.


LaTeX Font Warning: Font shape `T1/ptm/m/scit' undefined
(Font)              using `T1/ptm/m/sc' instead on input line 613.

File: images/logo_esprit.png Graphic file (type png)
<use images/logo_esprit.png>
Package pdftex.def Info: images/logo_esprit.png  used on input line 616.
(pdftex.def)             Requested size: 51.1108pt x 25.60747pt.
[74]

LaTeX Font Warning: Font shape `T1/ptm/m/scit' undefined
(Font)              using `T1/ptm/m/sc' instead on input line 690.


LaTeX Font Warning: Font shape `T1/ptm/m/scit' undefined
(Font)              using `T1/ptm/m/sc' instead on input line 690.

File: images/logo_esprit.png Graphic file (type png)
<use images/logo_esprit.png>
Package pdftex.def Info: images/logo_esprit.png  used on input line 699.
(pdftex.def)             Requested size: 51.1108pt x 25.60747pt.
[75 <./images/resultats/roc_curves.png>]

LaTeX Font Warning: Font shape `T1/ptm/m/scit' undefined
(Font)              using `T1/ptm/m/sc' instead on input line 753.


LaTeX Font Warning: Font shape `T1/ptm/m/scit' undefined
(Font)              using `T1/ptm/m/sc' instead on input line 753.

<images/resultats/xgb_feature_importance.png, id=1679, 714.9912pt x 569.0058pt>

File: images/resultats/xgb_feature_importance.png Graphic file (type png)
<use images/resultats/xgb_feature_importance.png>
Package pdftex.def Info: images/resultats/xgb_feature_importance.png  used on i
nput line 765.
(pdftex.def)             Requested size: 391.51021pt x 311.57367pt.

LaTeX Font Warning: Font shape `T1/ptm/m/scit' undefined
(Font)              using `T1/ptm/m/sc' instead on input line 767.


LaTeX Font Warning: Font shape `T1/ptm/m/scit' undefined
(Font)              using `T1/ptm/m/sc' instead on input line 767.

File: images/logo_esprit.png Graphic file (type png)
<use images/logo_esprit.png>
Package pdftex.def Info: images/logo_esprit.png  used on input line 770.
(pdftex.def)             Requested size: 51.1108pt x 25.60747pt.
[76]
File: images/logo_esprit.png Graphic file (type png)
<use images/logo_esprit.png>
Package pdftex.def Info: images/logo_esprit.png  used on input line 810.
(pdftex.def)             Requested size: 51.1108pt x 25.60747pt.
 [77 <./images/resultats/xgb_feature_importance.png>]
Overfull \vbox (8.60234pt too high) detected at line 881
 []


Overfull \vbox (8.60234pt too high) detected at line 889
 []


Overfull \vbox (28.93398pt too high) detected at line 893
 []


Overfull \hbox (5.41823pt too wide) in paragraph at lines 873--896
 [][] 
 []

File: images/logo_esprit.png Graphic file (type png)
<use images/logo_esprit.png>
Package pdftex.def Info: images/logo_esprit.png  used on input line 899.
(pdftex.def)             Requested size: 51.1108pt x 25.60747pt.
[78]

LaTeX Font Warning: Font shape `T1/ptm/m/scit' undefined
(Font)              using `T1/ptm/m/sc' instead on input line 957.


LaTeX Font Warning: Font shape `T1/ptm/m/scit' undefined
(Font)              using `T1/ptm/m/sc' instead on input line 957.

File: images/logo_esprit.png Graphic file (type png)
<use images/logo_esprit.png>
Package pdftex.def Info: images/logo_esprit.png  used on input line 960.
(pdftex.def)             Requested size: 51.1108pt x 25.60747pt.
[79]
File: images/logo_esprit.png Graphic file (type png)
<use images/logo_esprit.png>
Package pdftex.def Info: images/logo_esprit.png  used on input line 990.
(pdftex.def)             Requested size: 51.1108pt x 25.60747pt.
 [80]

LaTeX Font Warning: Font shape `T1/ptm/m/scit' undefined
(Font)              using `T1/ptm/m/sc' instead on input line 1025.


LaTeX Font Warning: Font shape `T1/ptm/m/scit' undefined
(Font)              using `T1/ptm/m/sc' instead on input line 1025.

File: images/logo_esprit.png Graphic file (type png)
<use images/logo_esprit.png>
Package pdftex.def Info: images/logo_esprit.png  used on input line 1028.
(pdftex.def)             Requested size: 51.1108pt x 25.60747pt.
[81]

LaTeX Font Warning: Font shape `T1/ptm/m/scit' undefined
(Font)              using `T1/ptm/m/sc' instead on input line 1066.


LaTeX Font Warning: Font shape `T1/ptm/m/scit' undefined
(Font)              using `T1/ptm/m/sc' instead on input line 1066.

File: images/logo_esprit.png Graphic file (type png)
<use images/logo_esprit.png>
Package pdftex.def Info: images/logo_esprit.png  used on input line 1069.
(pdftex.def)             Requested size: 51.1108pt x 25.60747pt.
[82]
File: images/logo_esprit.png Graphic file (type png)
<use images/logo_esprit.png>
Package pdftex.def Info: images/logo_esprit.png  used on input line 1112.
(pdftex.def)             Requested size: 51.1108pt x 25.60747pt.
 [83]
LaTeX Font Info:    Font shape `T1/pcr/m/it' in size <10.95> not available
(Font)              Font shape `T1/pcr/m/sl' tried instead on input line 1147.
LaTeX Font Info:    Font shape `T1/pcr/m/it' in size <10> not available
(Font)              Font shape `T1/pcr/m/sl' tried instead on input line 1147.


LaTeX Font Warning: Font shape `T1/ptm/m/scit' undefined
(Font)              using `T1/ptm/m/sc' instead on input line 1147.


LaTeX Font Warning: Font shape `T1/ptm/m/scit' undefined
(Font)              using `T1/ptm/m/sc' instead on input line 1147.

File: images/logo_esprit.png Graphic file (type png)
<use images/logo_esprit.png>
Package pdftex.def Info: images/logo_esprit.png  used on input line 1148.
(pdftex.def)             Requested size: 51.1108pt x 25.60747pt.
[84]
File: images/logo_esprit.png Graphic file (type png)
<use images/logo_esprit.png>
Package pdftex.def Info: images/logo_esprit.png  used on input line 1220.
(pdftex.def)             Requested size: 51.1108pt x 25.60747pt.
 [85]

LaTeX Font Warning: Font shape `T1/ptm/m/scit' undefined
(Font)              using `T1/ptm/m/sc' instead on input line 1225.


LaTeX Font Warning: Font shape `T1/ptm/m/scit' undefined
(Font)              using `T1/ptm/m/sc' instead on input line 1225.


LaTeX Font Warning: Font shape `T1/ptm/m/scit' undefined
(Font)              using `T1/ptm/m/sc' instead on input line 1227.


LaTeX Font Warning: Font shape `T1/ptm/m/scit' undefined
(Font)              using `T1/ptm/m/sc' instead on input line 1227.

File: images/logo_esprit.png Graphic file (type png)
<use images/logo_esprit.png>
Package pdftex.def Info: images/logo_esprit.png  used on input line 1228.
(pdftex.def)             Requested size: 51.1108pt x 25.60747pt.
[86]

LaTeX Font Warning: Font shape `T1/ptm/m/scit' undefined
(Font)              using `T1/ptm/m/sc' instead on input line 1233.


LaTeX Font Warning: Font shape `T1/ptm/m/scit' undefined
(Font)              using `T1/ptm/m/sc' instead on input line 1233.


LaTeX Font Warning: Font shape `T1/ptm/m/scit' undefined
(Font)              using `T1/ptm/m/sc' instead on input line 1241.


LaTeX Font Warning: Font shape `T1/ptm/m/scit' undefined
(Font)              using `T1/ptm/m/sc' instead on input line 1241.


LaTeX Font Warning: Font shape `T1/ptm/m/scit' undefined
(Font)              using `T1/ptm/m/sc' instead on input line 1247.


LaTeX Font Warning: Font shape `T1/ptm/m/scit' undefined
(Font)              using `T1/ptm/m/sc' instead on input line 1247.

File: images/logo_esprit.png Graphic file (type png)
<use images/logo_esprit.png>
Package pdftex.def Info: images/logo_esprit.png  used on input line 1248.
(pdftex.def)             Requested size: 51.1108pt x 25.60747pt.
[87]
File: images/logo_esprit.png Graphic file (type png)
<use images/logo_esprit.png>
Package pdftex.def Info: images/logo_esprit.png  used on input line 1309.
(pdftex.def)             Requested size: 51.1108pt x 25.60747pt.
 [88])
File: images/logo_esprit.png Graphic file (type png)
<use images/logo_esprit.png>
Package pdftex.def Info: images/logo_esprit.png  used on input line 224.
(pdftex.def)             Requested size: 51.1108pt x 25.60747pt.
 [89]
\openout2 = `chapitre5.aux'.

 (chapitre5.tex
Chapitre 5.
File: images/logo_esprit.png Graphic file (type png)
<use images/logo_esprit.png>
Package pdftex.def Info: images/logo_esprit.png  used on input line 73.
(pdftex.def)             Requested size: 51.1108pt x 25.60747pt.
[90




]
Overfull \vbox (8.60234pt too high) detected at line 101
 []


Overfull \hbox (21.84319pt too wide) in paragraph at lines 93--114
 [][] 
 []


LaTeX Font Warning: Font shape `T1/ptm/m/scit' undefined
(Font)              using `T1/ptm/m/sc' instead on input line 172.


LaTeX Font Warning: Font shape `T1/ptm/m/scit' undefined
(Font)              using `T1/ptm/m/sc' instead on input line 172.

File: images/logo_esprit.png Graphic file (type png)
<use images/logo_esprit.png>
Package pdftex.def Info: images/logo_esprit.png  used on input line 175.
(pdftex.def)             Requested size: 51.1108pt x 25.60747pt.
[91]
File: images/logo_esprit.png Graphic file (type png)
<use images/logo_esprit.png>
Package pdftex.def Info: images/logo_esprit.png  used on input line 203.
(pdftex.def)             Requested size: 51.1108pt x 25.60747pt.
 [92]

LaTeX Font Warning: Font shape `T1/ptm/m/scit' undefined
(Font)              using `T1/ptm/m/sc' instead on input line 251.


LaTeX Font Warning: Font shape `T1/ptm/m/scit' undefined
(Font)              using `T1/ptm/m/sc' instead on input line 251.

File: images/logo_esprit.png Graphic file (type png)
<use images/logo_esprit.png>
Package pdftex.def Info: images/logo_esprit.png  used on input line 263.
(pdftex.def)             Requested size: 51.1108pt x 25.60747pt.
[93]

LaTeX Font Warning: Font shape `T1/ptm/m/scit' undefined
(Font)              using `T1/ptm/m/sc' instead on input line 302.


LaTeX Font Warning: Font shape `T1/ptm/m/scit' undefined
(Font)              using `T1/ptm/m/sc' instead on input line 302.


LaTeX Font Warning: Font shape `T1/ptm/m/scit' undefined
(Font)              using `T1/ptm/m/sc' instead on input line 304.


LaTeX Font Warning: Font shape `T1/ptm/m/scit' undefined
(Font)              using `T1/ptm/m/sc' instead on input line 304.

File: images/logo_esprit.png Graphic file (type png)
<use images/logo_esprit.png>
Package pdftex.def Info: images/logo_esprit.png  used on input line 305.
(pdftex.def)             Requested size: 51.1108pt x 25.60747pt.
[94]

LaTeX Font Warning: Font shape `T1/ptm/m/scit' undefined
(Font)              using `T1/ptm/m/sc' instead on input line 316.


LaTeX Font Warning: Font shape `T1/ptm/m/scit' undefined
(Font)              using `T1/ptm/m/sc' instead on input line 316.

File: images/logo_esprit.png Graphic file (type png)
<use images/logo_esprit.png>
Package pdftex.def Info: images/logo_esprit.png  used on input line 353.
(pdftex.def)             Requested size: 51.1108pt x 25.60747pt.
[95]
Overfull \vbox (8.60234pt too high) detected at line 382
 []


Overfull \hbox (21.84319pt too wide) in paragraph at lines 374--397
 [][] 
 []

File: images/logo_esprit.png Graphic file (type png)
<use images/logo_esprit.png>
Package pdftex.def Info: images/logo_esprit.png  used on input line 400.
(pdftex.def)             Requested size: 51.1108pt x 25.60747pt.
[96]

LaTeX Font Warning: Font shape `T1/ptm/m/scit' undefined
(Font)              using `T1/ptm/m/sc' instead on input line 457.


LaTeX Font Warning: Font shape `T1/ptm/m/scit' undefined
(Font)              using `T1/ptm/m/sc' instead on input line 457.

File: images/logo_esprit.png Graphic file (type png)
<use images/logo_esprit.png>
Package pdftex.def Info: images/logo_esprit.png  used on input line 460.
(pdftex.def)             Requested size: 51.1108pt x 25.60747pt.
[97]
File: images/logo_esprit.png Graphic file (type png)
<use images/logo_esprit.png>
Package pdftex.def Info: images/logo_esprit.png  used on input line 497.
(pdftex.def)             Requested size: 51.1108pt x 25.60747pt.
 [98]

LaTeX Font Warning: Font shape `T1/ptm/m/scit' undefined
(Font)              using `T1/ptm/m/sc' instead on input line 535.


LaTeX Font Warning: Font shape `T1/ptm/m/scit' undefined
(Font)              using `T1/ptm/m/sc' instead on input line 535.


LaTeX Font Warning: Font shape `T1/ptm/m/scit' undefined
(Font)              using `T1/ptm/m/sc' instead on input line 548.


LaTeX Font Warning: Font shape `T1/ptm/m/scit' undefined
(Font)              using `T1/ptm/m/sc' instead on input line 548.

File: images/logo_esprit.png Graphic file (type png)
<use images/logo_esprit.png>
Package pdftex.def Info: images/logo_esprit.png  used on input line 548.
(pdftex.def)             Requested size: 51.1108pt x 25.60747pt.
[99]

LaTeX Font Warning: Font shape `T1/ptm/m/scit' undefined
(Font)              using `T1/ptm/m/sc' instead on input line 572.


LaTeX Font Warning: Font shape `T1/ptm/m/scit' undefined
(Font)              using `T1/ptm/m/sc' instead on input line 572.


LaTeX Font Warning: Font shape `T1/ptm/m/scit' undefined
(Font)              using `T1/ptm/m/sc' instead on input line 581.


LaTeX Font Warning: Font shape `T1/ptm/m/scit' undefined
(Font)              using `T1/ptm/m/sc' instead on input line 581.

File: images/logo_esprit.png Graphic file (type png)
<use images/logo_esprit.png>
Package pdftex.def Info: images/logo_esprit.png  used on input line 582.
(pdftex.def)             Requested size: 51.1108pt x 25.60747pt.
[100]
Overfull \hbox (39.99144pt too wide) in paragraph at lines 591--605
 [][] 
 []

File: images/logo_esprit.png Graphic file (type png)
<use images/logo_esprit.png>
Package pdftex.def Info: images/logo_esprit.png  used on input line 650.
(pdftex.def)             Requested size: 51.1108pt x 25.60747pt.
[101]

LaTeX Font Warning: Font shape `T1/ptm/m/scit' undefined
(Font)              using `T1/ptm/m/sc' instead on input line 659.


LaTeX Font Warning: Font shape `T1/ptm/m/scit' undefined
(Font)              using `T1/ptm/m/sc' instead on input line 659.

File: images/logo_esprit.png Graphic file (type png)
<use images/logo_esprit.png>
Package pdftex.def Info: images/logo_esprit.png  used on input line 706.
(pdftex.def)             Requested size: 51.1108pt x 25.60747pt.
[102]
File: images/logo_esprit.png Graphic file (type png)
<use images/logo_esprit.png>
Package pdftex.def Info: images/logo_esprit.png  used on input line 757.
(pdftex.def)             Requested size: 51.1108pt x 25.60747pt.
 [103]
File: images/logo_esprit.png Graphic file (type png)
<use images/logo_esprit.png>
Package pdftex.def Info: images/logo_esprit.png  used on input line 777.
(pdftex.def)             Requested size: 51.1108pt x 25.60747pt.
 [104])
File: images/logo_esprit.png Graphic file (type png)
<use images/logo_esprit.png>
Package pdftex.def Info: images/logo_esprit.png  used on input line 225.
(pdftex.def)             Requested size: 51.1108pt x 25.60747pt.
 [105]
\openout2 = `conclusion.aux'.

 (conclusion.tex

Package hyperref Warning: The anchor of a bookmark and its parent's must not
(hyperref)                be the same. Added a new anchor on input line 7.

File: images/logo_esprit.png Graphic file (type png)
<use images/logo_esprit.png>
Package pdftex.def Info: images/logo_esprit.png  used on input line 85.
(pdftex.def)             Requested size: 51.1108pt x 25.60747pt.
[106




]
File: images/logo_esprit.png Graphic file (type png)
<use images/logo_esprit.png>
Package pdftex.def Info: images/logo_esprit.png  used on input line 153.
(pdftex.def)             Requested size: 51.1108pt x 25.60747pt.
 [107])
File: images/logo_esprit.png Graphic file (type png)
<use images/logo_esprit.png>
Package pdftex.def Info: images/logo_esprit.png  used on input line 227.
(pdftex.def)             Requested size: 51.1108pt x 25.60747pt.
 [108]
File: images/logo_esprit.png Graphic file (type png)
<use images/logo_esprit.png>
Package pdftex.def Info: images/logo_esprit.png  used on input line 235.
(pdftex.def)             Requested size: 51.1108pt x 25.60747pt.
 [109




]
Overfull \hbox (3.03296pt too wide) in paragraph at lines 235--235
[]\T1/ptm/m/n/12 (-20) A. []\T1/ptm/m/sc/12 (-20) Paszke[]\T1/ptm/m/n/12 (-20) 
, S. []\T1/ptm/m/sc/12 (-20) Gross[]\T1/ptm/m/n/12 (-20) , F. []\T1/ptm/m/sc/12
 (-20) Massa []\T1/ptm/m/n/12 (-20) et al. ^^S   Py-Torch : An Im-pe-ra-tive St
yle, High-Performance
 []

File: images/logo_esprit.png Graphic file (type png)
<use images/logo_esprit.png>
Package pdftex.def Info: images/logo_esprit.png  used on input line 235.
(pdftex.def)             Requested size: 51.1108pt x 25.60747pt.
[110]
File: images/logo_esprit.png Graphic file (type png)
<use images/logo_esprit.png>
Package pdftex.def Info: images/logo_esprit.png  used on input line 235.
(pdftex.def)             Requested size: 51.1108pt x 25.60747pt.
 [111]
File: images/logo_esprit.png Graphic file (type png)
<use images/logo_esprit.png>
Package pdftex.def Info: images/logo_esprit.png  used on input line 238.
(pdftex.def)             Requested size: 51.1108pt x 25.60747pt.
 [112] (main.aux (validation.aux) (dedicaces.aux) (remerciements.aux) (acronyme
s.aux) (introduction.aux) (chapitre1.aux) (chapitre2.aux)
(chapitre3.aux) (chapitre4.aux) (chapitre5.aux) (conclusion.aux))
 ***********
LaTeX2e <2026-06-01>
L3 programming layer <2026-06-18>
 ***********
Package rerunfilecheck Info: File `main.out' has not changed.
(rerunfilecheck)             Checksum: F1E914494FA922B1C1E5A59A6C43DD8F;31935.
Package logreq Info: Writing requests to 'main.run.xml'.
\openout1 = `main.run.xml'.

 ) 
Here is how much of TeX's memory you used:
 50991 strings out of 467510
 1034880 string characters out of 5418903
 1926190 words of memory out of 5000000
 78092 multiletter control sequences out of 15000+600000
 781084 words of font info for 684 fonts, out of 8000000 for 9000
 1141 hyphenation exceptions out of 8191
 84i,15n,94p,1199b,2939s stack positions out of 10000i,1000n,20000p,200000b,200000s
<C:/Program Files/MiKTeX/fonts/type1/public/amsfonts/cm/cmbx10.pfb><C:/Progra
m Files/MiKTeX/fonts/type1/public/amsfonts/cm/cmex10.pfb><C:/Program Files/MiKT
eX/fonts/type1/public/amsfonts/cmextra/cmex7.pfb><C:/Program Files/MiKTeX/fonts
/type1/public/amsfonts/cm/cmmi10.pfb><C:/Program Files/MiKTeX/fonts/type1/publi
c/amsfonts/cm/cmmi5.pfb><C:/Program Files/MiKTeX/fonts/type1/public/amsfonts/cm
/cmmi6.pfb><C:/Program Files/MiKTeX/fonts/type1/public/amsfonts/cm/cmmi7.pfb><C
:/Program Files/MiKTeX/fonts/type1/public/amsfonts/cm/cmmi8.pfb><C:/Program Fil
es/MiKTeX/fonts/type1/public/amsfonts/cm/cmmib10.pfb><C:/Program Files/MiKTeX/f
onts/type1/public/amsfonts/cm/cmr10.pfb><C:/Program Files/MiKTeX/fonts/type1/pu
blic/amsfonts/cm/cmr5.pfb><C:/Program Files/MiKTeX/fonts/type1/public/amsfonts/
cm/cmr6.pfb><C:/Program Files/MiKTeX/fonts/type1/public/amsfonts/cm/cmr7.pfb><C
:/Program Files/MiKTeX/fonts/type1/public/amsfonts/cm/cmr8.pfb><C:/Program File
s/MiKTeX/fonts/type1/public/amsfonts/cm/cmsy10.pfb><C:/Program Files/MiKTeX/fon
ts/type1/public/amsfonts/cm/cmsy6.pfb><C:/Program Files/MiKTeX/fonts/type1/publ
ic/amsfonts/cm/cmsy7.pfb><C:/Program Files/MiKTeX/fonts/type1/public/amsfonts/c
m/cmsy8.pfb><C:/Program Files/MiKTeX/fonts/type1/public/amsfonts/symbols/msam10
.pfb><C:/Program Files/MiKTeX/fonts/type1/urw/courier/ucrr8a.pfb><C:/Program Fi
les/MiKTeX/fonts/type1/urw/courier/ucrro8a.pfb><C:/Program Files/MiKTeX/fonts/t
ype1/urw/times/utmb8a.pfb><C:/Program Files/MiKTeX/fonts/type1/urw/times/utmbi8
a.pfb><C:/Program Files/MiKTeX/fonts/type1/urw/times/utmr8a.pfb><C:/Program Fil
es/MiKTeX/fonts/type1/urw/times/utmri8a.pfb>
Output written on main.pdf (112 pages, 2036136 bytes).
PDF statistics:
 2100 PDF objects out of 2487 (max. 8388607)
 523 named destinations out of 1000 (max. 500000)
 136201 words of extra memory for PDF output out of 154059 (max. 10000000)

